id,predicted
7ae19de7bc2a,183221 4 183923 7 184627 8 185331 9 186035 10 186740 10 187444 11 188149 12 188853 13 189558 14 190262 15 190966 15 191670 15 192375 14 193079 14 193783 14 194488 13 195192 13 195896 13 196601 12 197305 12 198010 11 198715 10 199419 10 200124 8 200828 8 201533 7 202238 6 202943 4 203649 1
7ae19de7bc2a,353707 1 354409 5 355112 7 355814 9 356517 10 357220 12 357922 14 358626 13 359329 14 360033 14 360737 13 361441 12 362146 11 362850 10 363555 8 364259 8 364964 6 365668 5
7ae19de7bc2a,148229 3 148931 6 149633 9 150336 11 151039 13 151742 14 152444 17 153147 18 153850 20 154553 21 155257 21 155962 20 156666 20 157370 20 158075 19 158779 20 159484 19 160188 19 160894 17 161599 16 162304 15 163010 13 163715 12 164420 10 165126 8
7ae19de7bc2a,26628 12 27329 17 28031 19 28734 21 29436 23 30139 24 30842 25 31546 24 32250 24 32955 23 33659 21 34364 19 35068 16 35773 13 36480 7
7ae19de7bc2a,140003 15 140706 20 141410 21 142114 21 142818 21 143522 21 144226 21 144930 20 145634 20 146338 20 147043 18 147747 18 148451 17 149155 17 149859 17 150564 15 151268 15 151973 14 152677 13 153382 12 154087 10 154793 6
7ae19de7bc2a,139542 3 140244 7 140948 8 141651 9 142355 10 143059 10 143763 10 144467 11 145172 10 145876 10 146580 11 147285 10 147989 10 148694 9 149398 9 150103 8 150808 7 151512 7 152217 6 152922 4 153628 2
7ae19de7bc2a,74419 4 75121 7 75823 9 76525 10 77226 11 77927 13 78628 15 79330 16 80032 17 80733 19 81436 19 82140 18 82844 17 83549 15 84253 14 84957 14 85662 12 86366 12 87071 10 87776 9 88481 8 89186 7
7ae19de7bc2a,96418 4 97121 6 97825 7 98529 8 99233 9 99937 9 100641 10 101345 10 102049 11 102753 11 103457 11 104161 11 104865 12 105569 12 106274 11 106978 11 107682 11 108387 10 109091 9 109795 9 110500 8 111204 8 111909 6 112613 6 113318 4
7ae19de7bc2a,225621 6 226323 10 227027 12 227730 14 228434 15 229138 16 229842 17 230546 17 231250 18 231955 17 232659 18 233364 17 234070 15 234776 13 235481 12 236187 10 236893 8 237598 6 238303 5
7ae19de7bc2a,293183 7 293886 10 294589 12 295293 14 295997 14 296701 15 297405 15 298109 16 298813 16 299517 17 300222 15 300927 11 301634 6
7ae19de7bc2a,317496 3 318195 13 318896 16 319598 19 320299 22 321002 23 321704 25 322406 26 323107 29 323809 31 324512 31 325215 30 325918 28 326622 20 327326 12 328030 8
7ae19de7bc2a,303734 4 304435 9 305138 10 305841 12 306544 13 307247 14 307950 14 308654 14 309357 15 310060 15 310764 14 311467 14 312171 13 312875 13 313578 13 314282 12 314985 12 315689 11 316393 9 317096 9 317800 7 318505 3
7ae19de7bc2a,146709 6 147412 9 148117 11 148821 13 149524 15 150228 17 150932 19 151636 21 152340 23 153046 23 153751 24 154456 24 155161 25 155867 25 156574 23 157282 20 157990 16 158698 12 159405 9
7ae19de7bc2a,334225 2 334929 3 335632 5 336336 6 337040 7 337744 7 338448 8 339152 8 339856 9 340560 10 341263 11 341967 12 342671 13 343375 13 344079 15 344783 16 345487 17 346191 18 346895 18 347599 19 348303 19 349007 19 349711 19 350415 19 351119 19 351823 19 352527 19 353231 19 353935 19 354640 18 355344 18 356049 17 356753 17 357458 16 358163 15 358867 15 359572 14 360277 13 360982 12 361686 12 362391 11 363096 10 363801 9 364506 8 365211 7
7ae19de7bc2a,176808 2 177511 4 178214 6 178917 7 179620 9 180323 10 181026 11 181730 11 182434 12 183138 12 183842 12 184546 12 185250 12 185954 12 186658 12 187362 12 188066 11 188770 11 189474 10 190178 10 190882 9 191587 7 192291 6 192996 4
7ae19de7bc2a,448 5 1150 8 1854 9 2558 10 3262 11 3966 11 4670 12 5374 12 6078 13 6782 13 7486 13 8191 12 8895 12 9600 11 10305 9 11010 7
7ae19de7bc2a,60100 6 60803 8 61506 10 62209 12 62912 13 63616 14 64320 14 65024 15 65728 15 66432 16 67138 14 67843 14 68549 13 69254 13 69961 10 70667 9 71372 8 72077 7 72783 5
7ae19de7bc2a,179602 3 180305 4 181008 6 181711 7 182414 8 183118 9 183821 10 184525 10 185229 11 185933 11 186637 11 187341 12 188045 12 188749 12 189453 12 190158 11 190863 10 191567 10 192272 9 192977 8 193682 7
7ae19de7bc2a,320663 3 321366 5 322070 7 322774 7 323477 9 324181 9 324885 9 325589 9 326293 10 326997 9 327701 9 328404 10 329108 10 329812 10 330516 10 331220 10 331924 10 332628 9 333332 9 334037 8 334741 7 335446 6 336150 6 336855 4
7ae19de7bc2a,165015 9 165717 14 166419 19 167122 21 167826 22 168530 22 169234 21 169938 21 170643 20 171347 19 172051 19 172754 19 173458 17 174164 13
7ae19de7bc2a,177346 12 178040 24 178743 25 179447 25 180151 25 180855 25 181559 25 182263 24 182967 24 183672 22 184376 21 185080 20 185785 18 186489 17 187194 15 187898 13 188602 12 189306 11 190011 9 190715 8 191420 6
7ae19de7bc2a,40928 2 41630 5 42333 6 43037 6 43740 8 44444 8 45147 9 45851 10 46555 10 47258 11 47962 12 48666 12 49370 12 50074 11 50778 10 51482 8 52186 6
7ae19de7bc2a,258515 9 259218 12 259922 13 260626 14 261330 15 262034 16 262739 15 263443 16 264147 16 264852 16 265556 16 266261 15 266965 15 267670 14 268375 12 269079 10 269783 8 270488 6 271193 3
7ae19de7bc2a,224978 16 225679 21 226381 23 227084 24 227786 26 228489 25 229193 23 229897 21 230602 18 231307 15 232014 11 232723 5
7ae19de7bc2a,132815 9 133516 13 134219 15 134923 15 135627 15 136332 15 137036 15 137741 14 138446 13 139151 12 139857 10 140562 9 141267 8
7ae19de7bc2a,154894 1 155595 5 156297 7 156998 10 157700 11 158402 13 159105 13 159809 11 160513 10 161217 9 161921 7 162625 6 163329 5 164033 4 164737 2
7ae19de7bc2a,343169 4 343871 6 344575 6 345277 8 345980 9 346683 10 347386 11 348088 12 348791 13 349494 14 350197 14 350900 15 351603 15 352306 16 353010 15 353713 15 354417 15 355120 15 355824 15 356528 14 357232 14 357936 13 358640 13 359344 12 360048 10 360752 10 361457 12 362162 9
7ae19de7bc2a,248084 11 248788 16 249492 18 250196 20 250900 22 251605 23 252310 24 253016 23 253722 22 254428 21 255134 20 255841 17 256548 14 257256 9
7ae19de7bc2a,117779 5 118481 11 119184 15 119887 18 120589 21 121292 21 121995 21 122697 20 123400 18 124103 16 124806 13 125509 11 126212 9 126917 5
7ae19de7bc2a,62 12 762 16 1459 23 2162 23 2865 23 3569 23 4273 22 4976 22 5680 20 6384 19 7088 17 7791 17 8495 15 9198 15 9902 13 10605 13 11308 13 12011 13 12715 12 13418 12 14122 10 14826 9 15531 6
7ae19de7bc2a,144274 16 144967 33 145672 33 146377 32 147083 30 147789 28 148495 25 149201 21 149907 17 150614 11
7ae19de7bc2a,323379 4 324081 9 324784 12 325488 13 326192 14 326896 15 327600 16 328305 16 329010 15 329715 15 330420 15 331125 15 331830 15 332535 15 333241 14 333948 12 334655 9 335361 8 336067 6 336774 2
7ae19de7bc2a,207256 7 207959 12 208663 13 209366 14 210070 14 210774 14 211477 14 212181 14 212885 13 213589 12 214293 12 214998 10 215702 9 216406 7 217111 3
7ae19de7bc2a,44399 8 45098 13 45797 18 46497 22 47199 23 47901 24 48603 25 49306 25 50010 25 50714 24 51419 22 52126 18
7ae19de7bc2a,14020 8 14720 16 15421 22 16124 25 16828 25 17532 25 18236 24 18941 22 19646 19 20351 16 21057 12 21764 6
7ae19de7bc2a,34773 5 35476 12 36179 16 36882 17 37585 18 38289 18 38992 19 39696 16 40400 13 41104 11 41808 10 42512 8 43216 7 43919 7 44623 6 45328 4 46033 2
7ae19de7bc2a,88887 4 89589 8 90293 10 90996 12 91700 14 92404 15 93108 16 93812 16 94516 17 95220 17 95924 16 96627 16 97331 15 98035 13 98739 11 99443 9 100147 7 100852 4
7ae19de7bc2a,279263 5 279269 5 279967 15 280671 17 281375 19 282079 21 282783 22 283488 22 284193 22 284899 21 285605 20 286312 19 287018 18 287725 16 288431 15 289138 13 289844 11 290549 11 291255 9 291960 8 292669 1
7ae19de7bc2a,101402 12 102102 20 102803 25 103505 27 104210 26 104915 24 105620 21 106326 16 107033 10
7ae19de7bc2a,294622 1 295325 3 296028 4 296732 4 297436 4 298139 6 298843 6 299546 7 300250 7 300954 7 301657 9 302361 9 303064 10 303767 12 304471 12 305175 12 305878 13 306582 13 307286 13 307990 14 308694 14 309399 13 310103 13 310807 13 311511 13 312215 13 312920 12 313624 12 314328 12 315033 10 315737 10 316441 10 317146 9 317850 9 318554 8 319259 7 319963 7 320668 5
7ae19de7bc2a,263924 7 264628 11 265332 15 266036 17 266740 19 267445 19 268150 19 268856 19 269561 19 270267 17 270972 17 271678 16 272384 14 273091 11
7ae19de7bc2a,16235 7 16937 10 17639 13 18341 15 19044 16 19747 17 20451 17 21154 18 21857 17 22561 16 23264 14 23967 12 24670 9 25373 7 26077 5 26780 4 27484 3
7ae19de7bc2a,187302 5 188003 12 188706 14 189410 14 190114 15 190817 16 191522 15 192226 15 192930 15 193635 14 194339 15 195043 16 195747 16 196452 15 197156 15 197860 14 198564 13 199268 12 199973 10 200677 8
7ae19de7bc2a,50241 5 50944 8 51648 10 52352 11 53056 12 53760 13 54464 14 55169 14 55873 15 56578 14 57282 14 57987 13 58692 11 59397 8
7ae19de7bc2a,203648 1 203650 1 204351 5 205055 6 205759 6 206463 7 207166 8 207870 9 208574 9 209278 9 209981 11 210685 11 211389 11 212093 12 212797 12 213502 11 214206 12 214911 11 215616 10
7ae19de7bc2a,278981 9 279681 14 280384 16 281087 17 281791 17 282495 18 283199 18 283903 19 284607 20 285311 20 286015 21 286720 20 287424 20 288128 20 288833 19 289538 18 290243 16 290949 13 291654 10 292360 5
7ae19de7bc2a,228260 8 228963 11 229666 14 230370 15 231074 15 231778 15 232482 15 233187 13 233892 12 234598 8
7ae19de7bc2a,14764 7 15465 11 16167 13 16870 15 17573 16 18276 16 18979 16 19681 16 20384 16 21086 16 21788 17 22492 15 23195 15 23899 14 24602 14 25306 13 26010 12 26714 11 27418 10 28122 9 28828 6
7ae19de7bc2a,131200 6 131904 7 132608 7 133312 7 134016 7 134720 7 135424 7 136128 7 136832 7 137535 8 138239 8 138943 8 139647 9 140351 9 141055 9 141759 9 142463 10 143167 10 143872 9 144576 10 145280 10 145984 10 146688 11 147392 11 148096 12 148800 12 149505 11 150209 12 150913 12 151617 13 152322 12 153026 13 153731 12 154436 11 155140 11 155845 9 156550 8 157255 6 157960 3
7ae19de7bc2a,235970 4 236674 6 237378 8 238082 10 238786 12 239490 13 240195 14 240899 15 241603 17 242308 17 243013 17 243718 18 244423 17 245129 16 245836 13 246542 11 247248 9 247953 7 248660 3
7ae19de7bc2a,245830 4 246533 7 247237 9 247942 10 248646 11 249352 11 250056 13 250761 12 251465 13 252170 13 252875 13 253580 14 254285 13 254991 12 255695 12 256400 11 257105 10 257810 8
7ae19de7bc2a,300485 3 301175 2 301186 8 301876 23 302566 4 302577 26 303269 38 303973 38 304677 38 305381 37 306085 37 306789 37 307492 38 308196 38 308900 38 309604 17 309629 13 310308 12 310340 6 311012 10 311716 8
7ae19de7bc2a,131053 7 131753 17 132454 21 133156 23 133858 23 134561 21 135263 21 135966 19 136668 18 137370 18 138073 16 138777 12 139481 8
7ae19de7bc2a,48448 10 49149 16 49850 19 50551 22 51253 24 51957 24 52661 23 53365 22 54069 21 54773 19 55477 19 56181 18 56885 17 57589 16 58294 14 58999 12 59703 12 60408 10 61113 8 61818 6
7ae19de7bc2a,59198 4 59901 6 60605 6 61308 8 62012 9 62715 11 63418 13 64122 14 64825 17 65529 18 66233 19 66937 19 67642 17 68346 16 69050 14 69754 13 70458 12 71162 10 71867 8 72571 7 73276 5
7ae19de7bc2a,1204 10 1907 13 2610 14 3312 16 4015 17 4718 18 5421 20 6125 20 6829 20 7534 20 8239 19 8944 18 9649 17 10355 15 11061 12 11766 11 12471 9 13177 5
7ae19de7bc2a,186617 2 187318 7 188021 9 188724 11 189427 12 190130 14 190834 14 191537 16 192241 16 192945 17 193649 18 194354 17 195059 16 195763 16 196468 13
7ae19de7bc2a,110542 6 111244 8 111946 9 112648 11 113351 11 114054 11 114756 13 115459 13 116161 14 116865 14 117569 15 118273 16 118977 17 119681 17 120385 18 121089 19 121793 19 122497 19 123201 18 123906 13
7ae19de7bc2a,255157 6 255861 9 256565 12 257269 15 257973 17 258677 19 259382 20 260087 20 260793 20 261498 21 262204 20 262909 20 263615 18 264323 12
7ae19de7bc2a,75688 6 76391 9 77095 10 77798 11 78502 12 79206 12 79909 13 80613 13 81316 14 82020 14 82724 13 83427 14 84130 14 84834 13 85538 12 86242 12 86946 11 87650 10 88355 8 89059 8 89763 7 90467 6 91171 5 91876 2
7ae19de7bc2a,219841 4 220545 6 221249 8 221953 10 222658 10 223362 11 224067 12 224771 13 225476 13 226181 13 226886 13 227591 12 228296 12 229001 12 229706 11 230411 10 231117 8 231823 6
7ae19de7bc2a,216470 13 217173 16 217877 17 218581 18 219285 18 219989 18 220693 19 221397 19 222101 19 222806 18 223510 18 224215 17 224921 15 225628 12 226334 10 227039 9 227744 8 228449 7 229155 4
7ae19de7bc2a,196692 2 197396 4 198100 6 198804 9 199508 12 200212 14 200916 16 201620 17 202325 17 203029 18 203733 19 204438 18 205142 18 205846 18 206551 17 207263 8 207971 3
7ae19de7bc2a,32527 3 33230 4 33933 5 34636 5 35340 5 36043 5 36746 6 37449 6 38151 8 38854 8 39556 9 40259 10 40961 11 41664 12 42366 14 43068 15 43771 16 44474 17 45177 17 45880 18 46584 17 47287 18 47991 18 48694 18 49397 19 50100 19 50804 19 51508 19 52212 18 52916 18 53621 16 54325 14 55030 10
7ae19de7bc2a,64117 1 64820 5 65523 6 66226 7 66930 7 67634 8 68337 9 69041 9 69745 9 70448 10 71152 10 71856 11 72560 10 73263 9 73967 8 74671 7 75375 6 76079 4
7ae19de7bc2a,229402 10 230098 21 230801 23 231505 24 232209 24 232914 23 233618 23 234324 20 235030 15
7ae19de7bc2a,1685 8 2389 11 3094 13 3798 15 4503 16 5207 17 5912 18 6616 19 7321 20 8025 21 8730 21 9434 21 10139 20 10844 19 11548 19 12253 18 12957 17 13662 16 14366 16 15071 15 15775 15 16480 14 17184 14 17889 13 18594 12 19298 12 20003 11 20707 11 21412 9 22117 7 22821 6 23526 5 24231 3 24935 3 25639 2 26344 1
7ae19de7bc2a,78208 5 78909 8 79610 11 80313 13 81016 14 81719 15 82422 16 83126 16 83829 17 84533 17 85237 17 85940 18 86644 18 87348 17 88052 17 88756 17 89460 16 90164 16 90868 15 91574 12 92280 10 92989 4
7ae19de7bc2a,219504 4 220202 13 220906 13 221609 14 222314 13 223018 14 223722 14 224426 14 225130 15 225834 15 226539 15 227243 15 227947 15 228652 14 229356 15 230061 14 230766 12 231471 9 232176 7
7ae19de7bc2a,119104 5 119807 7 120510 10 121213 12 121917 14 122621 15 123326 16 124031 16 124736 16 125441 15 126146 14 126851 13 127556 12 128262 10 128968 8 129675 4
7ae19de7bc2a,523 8 1226 10 1929 12 2632 13 3336 13 4040 13 4744 14 5448 14 6153 13 6857 13 7562 12 8267 12 8971 12 9676 11 10382 10 11087 9 11792 8 12497 7 13202 7 13908 5
7ae19de7bc2a,84050 7 84754 8 85458 9 86162 9 86866 10 87570 10 88275 10 88979 10 89684 10 90388 10 91092 11 91797 10 92501 11 93206 11 93910 11 94615 11 95319 12 96023 13 96728 12 97432 13 98137 12 98841 13 99545 13 100250 12 100954 12 101658 11 102362 10 103067 9 103771 8 104475 8 105179 8 105883 7 106588 6 107292 5 107996 5 108700 4
7ae19de7bc2a,115149 3 115851 5 116553 8 117252 13 117947 22 118650 23 119352 25 120056 25 120759 26 121462 27 122166 27 122870 27 123574 22 124278 5
7ae19de7bc2a,282488 4 283185 13 283885 18 284589 18 285293 18 285997 18 286702 18 287407 17 288112 16 288817 13 289523 9 290232 1
7ae19de7bc2a,108710 1 109413 4 110116 6 110820 8 111524 10 112228 12 112932 13 113636 14 114340 16 115044 17 115748 18 116452 19 117157 19 117861 20 118567 18 119275 14 119985 6
7ae19de7bc2a,118812 4 119515 9 120219 12 120923 13 121627 13 122331 13 123035 13 123739 13 124443 13 125146 14 125851 12 126554 13 127259 12 127963 7 127972 3 128667 3
7ae19de7bc2a,343286 5 343988 10 344690 13 345392 16 346095 17 346798 17 347501 18 348175 3 348204 18 348878 6 348907 18 349583 7 349610 18 350287 10 350312 18 350991 42 351696 40 352400 38 353104 37 353808 36 354512 35 355216 34 355920 33 356624 32 357329 30 358033 29 358737 27 359441 26 360145 25 360849 24 361554 22 362257 22 362961 21 363666 19 364371 17
7ae19de7bc2a,115784 4 116487 6 117191 7 117894 9 118597 11 119301 12 120006 11 120710 13 121414 13 122119 14 122823 15 123527 15 124231 16 124935 17 125639 18 126344 18 127050 17 127756 16 128462 15 129168 13 129875 11 130581 9 131288 5
7ae19de7bc2a,288520 3 289217 15 289909 28 290612 30 291316 30 292020 31 292724 31 293428 31 294133 31 294838 30 295543 29 296249 26 296955 24 297664 18
7ae19de7bc2a,77593 3 78281 3 78292 8 78981 23 79683 25 80386 25 81090 25 81794 25 82498 25 83203 24 83908 23 84612 22 85317 21 86023 18 86729 10
7ae19de7bc2a,564 10 1267 18 1978 12 2682 16 3385 18 4089 18 4792 18 5495 19 6198 19 6903 17 7607 16 8313 13 9019 9 9724 7
7ae19de7bc2a,126039 5 126739 10 127439 15 128138 20 128840 22 129543 23 130247 22 130952 21 131658 19 132365 15 133073 10 133781 5
7ae19de7bc2a,126037 2 126044 2 126749 2 127454 1 128158 1 128862 1 129566 1 130242 5 130269 1 130945 7 130973 1 131649 9 132353 12 132380 1 133058 15 133083 1 133763 18 133786 1 134467 23 135172 22 135877 20 136581 19 137286 18 137990 17 138695 15 139399 15 140103 14 140807 12 141512 10 142216 8 142919 7 143623 6 144327 5 145031 4 145734 4 146438 3 147142 2
7ae19de7bc2a,218433 1 219135 5 219839 2 219845 1 220543 2 220551 1 221248 1 221952 1 222657 1 223373 1 227603 1 229717 1 230421 1 231116 1 231125 2 231821 2 231829 3 232526 10 233232 8 233937 7 234642 6 235347 5 236052 4 236756 4 237461 4 238165 4 238870 3
7ae19de7bc2a,66121 4 66825 7 67529 8 68234 9 68939 10 69644 10 70349 11 71053 12 71758 12 72462 13 73166 13 73871 13 74575 13 75280 13 75984 13 76688 14 77393 13 78097 13 78802 13 79507 12 80211 12 80916 12 81621 11 82326 10 83031 10 83736 9 84440 9 85145 9 85850 8 86554 9 87259 8 87963 8 88668 7 89372 7 90076 7 90781 6 91486 5 92191 4 92896 2
7ae19de7bc2a,168745 3 169447 7 170149 11 170851 15 171553 18 172256 19 172958 21 173660 23 174361 26 175063 26 175765 26 176467 25 177170 24 177872 23 178576 21 179280 19 179984 18 180689 16 181393 16 182098 14 182805 1 182808 7
7ae19de7bc2a,46907 5 47605 11 48307 13 49009 15 49711 16 50414 16 51118 15 51822 14 52526 13 53230 13 53934 12 54638 11 55344 8 56049 6 56755 3
7ae19de7bc2a,39202 16 39904 20 40607 21 41310 23 42014 23 42719 23 43424 22 44129 21 44837 16 45542 15 46251 7
7ae19de7bc2a,28642 2 29343 7 30045 11 30748 14 31452 17 32156 20 32860 22 33564 24 34268 24 34972 24 35677 23 36381 23 37086 21 37791 17
7ae19de7bc2a,63535 4 64238 6 64941 8 65645 8 66348 10 67052 10 67756 10 68460 10 69164 11 69868 11 70572 11 71277 10 71981 10 72685 10 73390 9 74094 9 74798 9 75503 8 76207 7 76912 6 77616 5 78321 4 79025 4 79730 3 80434 3 81138 3
7ae19de7bc2a,305358 8 306061 11 306764 13 307468 15 308172 15 308876 17 309580 18 310284 19 310989 18 311694 18 312399 17 313104 18 313810 18 314515 18 315220 18 315926 16 316631 15 317336 14 318041 14 318746 13 319452 11 320157 10 320863 8 321568 6
7ae19de7bc2a,336158 7 336860 10 337562 12 338265 14 338968 15 339671 16 340375 16 341079 17 341783 17 342487 18 343191 18 343895 18 344599 18 345304 17 346009 17 346717 12 347427 5
7ae19de7bc2a,209959 3 210662 12 211364 20 212064 26 212768 29 213471 31 214175 31 214879 32 215584 32 216290 30 216997 28 217705 24 218412 21 219121 14 219837 1
7ae19de7bc2a,325425 8 326127 10 326829 11 327530 13 328232 14 328933 16 329634 18 330336 19 331037 20 331738 22 332440 23 333142 23 333844 24 334547 24 335251 22 335955 20 336659 18 337363 17 338066 17 338770 15 339473 15 340177 14 340880 13 341585 11 342290 9 342998 3
7ae19de7bc2a,112442 7 113146 8 113850 8 114554 8 115258 9 115961 10 116665 10 117368 11 118071 12 118775 12 119479 12 120183 12 120887 13 121591 13 122295 13 122999 13 123703 12 124407 12 125111 12 125815 12 126519 12 127224 10 127928 10 128632 10 129337 9 130041 8 130746 7 131450 7 132155 6 132859 5
7ae19de7bc2a,45504 4 46202 12 46903 4 46912 7 47604 1 47616 7 48305 2 48320 6 49007 2 49024 6 49709 2 49727 6 50410 4 50430 5 51110 8 51133 5 51811 11 51836 5 52511 15 52539 5 53209 21 53243 3 53910 24 53946 3 54613 25 54649 2 55317 15 55342 2 55352 1 56022 10 56048 1 56728 5
7ae19de7bc2a,103674 2 104377 5 105081 6 105785 7 106489 8 107192 11 107896 11 108600 12 109303 14 110007 14 110711 14 111416 12 112122 10 112829 3
7ae19de7bc2a,219801 2 220503 6 221207 7 221910 8 222614 9 223318 10 224022 11 224726 11 225431 11 226136 11 226841 11 227545 11 228250 10 228955 8 229661 5 230366 4 231071 3 231777 1
7ae19de7bc2a,9116 5 9819 6 10523 7 11226 9 11929 10 12632 12 13336 13 14039 15 14743 16 15446 17 16150 17 16854 16 17559 14 18264 12 18969 10 19675 6
7ae19de7bc2a,189368 8 190071 10 190775 10 191478 11 192182 10 192885 11 193589 11 194293 11 194997 11 195701 11 196405 11 197108 12 197812 12 198517 11 199221 11 199925 11 200629 11 201333 11 202038 10 202742 10 203446 10 204151 9 204856 8 205562 6 206268 4 206973 2
7ae19de7bc2a,3372 5 4070 14 4770 21 5473 22 6177 21 6882 21 7587 20 8293 17
7ae19de7bc2a,279084 10 279782 19 280483 25 281187 26 281891 27 282595 27 283298 27 284003 24 284712 16 285418 10
7ae19de7bc2a,199084 3 199788 4 200491 5 201195 6 201899 6 202603 7 203305 9 204006 13 204708 16 205411 17 206115 17 206819 18 207523 17 208228 16 208933 12 209638 8 210344 2
7ae19de7bc2a,80001 1 80704 7 81408 10 82112 12 82816 13 83520 14 84225 14 84929 15 85634 15 86339 15 87044 15 87750 14 88455 14 89161 13 89866 13 90571 13 91276 13 91981 14 92687 12 93392 12 94097 11 94803 9 95509 7
7ae19de7bc2a,104701 4 105404 9 106107 12 106810 14 107513 15 108216 16 108920 16 109623 16 110327 15 111031 14 111734 13 112437 5 112449 2 113141 5 113154 1 113844 6 113858 1 114548 6 114562 1 115251 7 115955 6 116658 7 117362 6 118067 4 118771 4 119475 4 119491 1 120179 4 120195 1 120884 3 121588 3 122293 2 122998 1 123702 1 124406 1 125110 1 127223 1 127234 1 129336 1 130049 1 130745 1 130753 1 132154 1 132858 1 132864 1 133563 6 134268 4
7ae19de7bc2a,244045 3 244748 7 245452 8 246156 10 246860 11 247564 12 248268 13 248972 15 249676 16 250381 16 251085 18 251790 18 252494 19 253199 19 253904 19 254609 19 255315 18 256020 18 256726 17 257433 15 258138 15 258843 14 259548 14 260253 13 260957 14 261662 13 262367 12 263072 12 263777 11 264482 10 265188 8 265893 7 266598 6 267303 5 268009 2
7ae19de7bc2a,198401 1 199104 4 199807 6 200510 8 201213 10 201915 13 202618 15 203320 19 204023 20 204726 21 205430 21 206133 22 206837 21 207541 21 208246 19 208950 19 209655 18 210360 17 211065 16 211770 3 211776 8 212481 7 213189 2
7ae19de7bc2a,91469 4 92169 10 92871 13 93574 14 94277 15 94980 16 95684 16 96387 17 97091 17 97795 17 98500 16 99205 13 99913 7
7ae19de7bc2a,265028 9 265727 16 266430 17 267133 18 267836 18 268541 17 269245 16 269949 15 270653 14 271358 13 272062 12 272766 11 273469 12 274173 12 274877 12 275581 11 276285 11 276989 11 277693 11 278397 10 279102 9 279806 9 280511 7 281216 6
7ae19de7bc2a,260272 6 260976 8 261679 11 262383 13 263087 14 263790 16 264494 17 265197 20 265901 21 266605 22 267309 23 268013 24 268717 24 269421 24 270125 24 270830 23 271534 22 272238 21 272942 20 273647 17 274351 16 275055 15 275760 13 276464 11 277170 7
7ae19de7bc2a,235750 2 236448 11 237151 14 237855 16 238559 17 239263 19 239969 18 240676 17 241381 18 242086 19 242791 19 243496 19 244200 21 244905 22 245614 18 246324 12 247032 5
7ae19de7bc2a,267684 1 268387 2 269089 5 269791 7 270494 8 271196 10 271899 11 272603 11 273308 10 274013 9 274717 9 275422 8 276127 7 276831 7 277536 6 278240 6 278945 5 279649 5 280354 4 281058 4
7ae19de7bc2a,136378 6 136403 2 137080 7 137103 7 137783 10 137805 8 138486 9 138506 11 139188 32 139891 31 140595 30 141298 29 142002 28 142705 27 143409 26 144112 26 144816 25 145520 24 146224 23 146928 22 147632 22 148337 20 149043 17 149749 14 150456 10 151162 6
7ae19de7bc2a,111020 8 111717 15 112418 18 113120 19 113823 20 114527 19 115230 20 115934 19 116638 19 117343 17 118047 17 118751 16 119455 16 120160 14 120866 11 121572 9 122277 7
7ae19de7bc2a,80703 1 81407 1 82111 1 88469 1 89174 1 89879 1 90584 1 91289 1 92686 1 92699 1 93391 1 93404 1 94096 1 94108 2 94801 2 94812 2 95506 3 95516 3 96211 12 96915 13 97619 13 98324 12 99028 12 99733 11 100437 11 101142 10 101846 10 102551 8 103256 7 103960 6 104665 5 105370 4
7ae19de7bc2a,15414 4 16116 8 16819 9 17521 11 18224 12 18926 15 19627 19 20329 22 21033 20 21737 18 22443 12 23151 4
7ae19de7bc2a,228533 1 229236 6 229939 9 230643 10 231347 11 232051 12 232756 12 233461 12 234166 11 234871 11 235576 10 236281 9 236987 8 237693 6 238398 5 239103 4
7ae19de7bc2a,275684 3 276384 11 277086 15 277789 17 278493 18 279197 18 279901 18 280605 18 281309 18 282013 18 282718 17 283422 17 284127 15 284832 14 285537 12 286242 10
7ae19de7bc2a,206812 6 207506 17 208206 22 208909 24 209612 26 210316 28 211020 29 211725 28 212430 27 213136 25 213842 22 214547 6 215252 2
7ae19de7bc2a,46299 18 47001 27 47705 28 48409 28 49114 27 49818 24 50522 21 51226 15 51930 10 52635 6 53339 5 54043 3
7ae19de7bc2a,324767 3 325471 5 326175 6 326879 8 327583 9 328287 10 328990 12 329694 12 330398 12 331102 13 331806 13 332510 14 333215 14 333920 13 334625 13 335330 12 336036 10 336742 4
7ae19de7bc2a,346509 8 347213 10 347907 2 347916 12 348610 22 349313 23 350017 24 350721 24 351424 26 352128 27 352833 27 353537 27 354242 25 354946 25 355650 24 356354 23 357058 22 357762 20 358466 18 359169 18 359872 17 360575 16 361278 16 361981 15 362684 14 363387 13 364090 12
7ae19de7bc2a,117881 9 118585 11 119289 12 119993 13 120698 12 121403 11 122107 12 122812 11 123517 10 124222 9 124927 8 125632 7 126338 3
7ae19de7bc2a,306045 3 306747 7 307449 11 308150 14 308851 18 309556 18 310260 19 310965 18 311669 19 312374 18 313078 19 313783 19 314487 19 315192 18 315896 19 316601 18 317305 18 318009 18 318714 16 319418 15 320122 14 320826 13 321531 12 322235 11 322939 11 323643 10 324347 10 325051 10 325755 10 326459 10 327164 9 327868 9 328572 9 329277 8 329982 7 330686 8 331391 7 332095 7 332800 6 333504 6 334209 6 334914 5 335618 5 336323 4 337027 4 337732 3 338437 2 339142 1
7ae19de7bc2a,85120 2 85824 3 86528 4 87233 4 87936 7 88641 8 89344 11 90047 14 90749 18 91450 19 92150 19 92854 17 93558 16 94262 15 94967 13 95671 13 96375 12 97079 12 97783 12 98487 13 99191 11 99218 2 99895 10 99920 4 100598 10 100621 6 101302 9 101327 4 102006 8 102031 4 102710 7 102735 4 103413 7 103439 4 104117 7 104143 3 104821 6 104847 1 105525 5 106229 5 106933 4 107637 4
7ae19de7bc2a,40675 1 41371 15 42074 19 42778 21 43482 23 44187 23 44892 23 45597 22 46317 6
7ae19de7bc2a,97961 14 98664 16 99368 16 100072 16 100775 17 101479 16 102182 16 102886 15 103589 13 104293 11 104997 9
7ae19de7bc2a,26125 3 26828 5 27532 6 28236 6 28941 6 29645 7 30349 8 31054 8 31758 9 32463 10 33168 11 33180 4 33872 16 34577 15 35281 14 35985 14 36689 13 37393 13 38097 13 38801 13 39505 13 40209 12 40913 12 41617 12 42321 12 43025 12 43729 11 44433 11 45137 10 45841 10 46545 10 47249 9 47953 9 48658 8 49362 8 50066 8 50770 8 51474 8 52178 8 52882 8 53586 8 54290 7 54994 7 55698 7 56401 8 57105 7 57809 7 58512 8 59216 7 59920 7 60624 7 61328 6 62032 4 62736 3
7ae19de7bc2a,38279 10 38980 12 39681 15 40383 17 41086 18 41790 18 42495 17 43199 17 43907 12 44612 11 45320 6
7ae19de7bc2a,187951 7 188648 16 189349 19 190052 19 190755 20 191459 19 192163 19 192868 17 193574 15 194280 13 194985 12 195691 10
7ae19de7bc2a,334433 9 335136 12 335840 14 336545 13 337250 12 337955 11 338659 3 338664 1 338679 1 339362 4 339382 5 340066 5 340087 5 340770 5 340793 5 341476 5 341498 7 342182 1 342202 8 342907 7 343594 2 343612 7 344298 3 344317 6 345002 3 345022 5 345706 4 345726 5 346411 5 346431 5 347116 6 347135 5 347822 6 347840 5 348526 10 348545 4 349231 12 349249 4 349937 13 349953 4 350644 17 351350 16 352056 14 352762 13 353467 13 354175 10 354880 10 355586 10 356291 10 356996 10 357702 9 358407 9 359112 9 359818 8 360524 7 361229 7 361934 6 362639 6 363344 6 364048 7 364754 5
7ae19de7bc2a,36845 2 37548 4 38252 5 38956 6 39661 6 40365 8 41069 12 41774 16 42478 17 43183 16 43887 20 44593 19 45298 22 46005 19 46711 17 47417 14 48122 13 48828 11 49533 10 50238 3 50246 2 50943 1 50952 1 55888 1 56592 2 57296 1
7ae19de7bc2a,112403 8 113104 16 113804 19 114505 22 115208 22 115912 22 116616 22 117322 21 118028 19 118733 18 119439 16 120147 13 120856 10 121564 8 122270 7 122975 13 123681 12 124387 10 125092 10 125798 8 126503 7 127208 7 127913 6
7ae19de7bc2a,71736 2 72438 4 73141 5 73844 6 74547 7 75250 7 75953 8 76656 9 77359 10 78062 10 78766 10 79469 11 80172 11 80875 12 81579 12 82282 13 82976 1 82985 13 83678 3 83685 1 83687 15 84381 5 84388 17 85084 25 85787 26 86491 25 87196 24 87900 23 88605 22 89310 20 90015 18 90720 16 91427 12 92132 10 92837 8 93542 6 94246 5 94950 4 95654 3
7ae19de7bc2a,263183 3 263886 6 264589 8 265293 10 265996 13 266700 14 267403 17 268107 18 268811 20 269516 24 270220 30 270925 33 271629 33 272333 33 273038 30 273743 26 274451 20 275167 6
7ae19de7bc2a,346209 2 346913 4 347618 4 348322 6 349026 7 349730 8 350434 8 351138 8 351842 8 352546 8 353250 8 353954 7 354658 6
7ae19de7bc2a,297600 5 298302 13 299006 16 299710 19 300414 21 301118 23 301823 22 302527 23 303232 22 303936 23 304641 23 305346 12 305366 3 306051 10 306072 4 306755 9 306777 4 307460 8 307483 2 308165 7 308187 3 308870 6 308893 2 309575 5 309598 1 310279 5 310303 1 310985 4 311007 2 311692 2 311712 1 312397 2 312416 2 313103 1 313122 1 313809 1 315925 1 316630 1 316646 1 317350 1 318055 1 318759 1 319451 1 319463 2 320167 2 320862 1 320871 1 321567 1 321574 2 322273 5
7ae19de7bc2a,290472 5 291176 7 291880 8 292585 8 293289 12 293994 9 294698 10 295403 10 296107 10 296811 12 297515 13 298220 12 298925 11 299630 9 300335 7
7ae19de7bc2a,325252 3 325956 4 326660 6 327364 8 328068 9 328772 9 329476 10 330180 11 330883 14 331587 14 332291 14 332995 15 333699 17 334403 21 335107 23 335812 23 336516 24 336558 5 337220 25 337262 8 337924 26 337967 9 338629 26 338673 6 338680 2 339333 27 339379 3 340038 27 340084 3 340092 1 340742 28 340790 3 341447 29 341496 2 342153 29 342858 30 343563 30 344268 30 344974 28 345679 27 346384 27 346416 1 347088 28 347122 2 347793 29 347828 2 348497 29 349202 29 349906 31 350610 34 351314 24 351346 4 352018 23 352052 4 352723 7 352732 11 352759 3 353427 6 353439 5 353465 2 354131 5 354172 3 354835 5 354879 1 355539 5 355585 1 356243 5 356290 1 356947 5 356995 1 357651 5 357701 1 358355 5 359059 4 359763 4 360468 2 361172 2 361876 2 362580 1
7ae19de7bc2a,112132 5 112832 12 113536 14 114240 15 114944 17 115648 18 116353 17 117058 16 117762 16 118467 14 119173 11 119878 9 120584 5
7ae19de7bc2a,161620 8 162323 9 163025 12 163728 13 164431 14 165134 15 165836 18 166539 19 167242 20 167945 21 168648 21 169351 22 170054 22 170758 21 171461 22 172164 22 172868 21 173571 20 174275 20 174978 19 175682 18 176385 19 177088 18 177792 16 178495 16 179199 13 179902 13 180606 12 181309 12 182012 12 182716 12 183419 12 184123 11 184827 10 185531 9 186234 9 186938 8 187642 7 188346 7 189051 4
7ae19de7bc2a,233714 2 234418 3 235121 4 235823 7 236523 12 237226 14 237930 14 238634 15 239338 16 240043 15 240748 15 241452 16 242157 15 242861 15 243566 15 244270 15 244974 16 245679 16 246383 16 247090 14 247796 13 248501 12 249206 11 249911 10 250615 10 251319 10 252023 10 252727 10 253431 10 254136 9 254840 9 255544 9 256248 9 256952 9 257656 9 258360 9 259064 9 259768 9 260472 9 261176 9 261880 9 262585 7
7ae19de7bc2a,241592 7 242295 12 242999 13 243703 15 244407 16 245111 18 245821 9 246529 4 247233 4 247938 4 248643 3 248657 1 249349 3 250055 1 250760 1 250773 1 251478 1 252183 1 252888 1 254298 1 254990 1 256411 1 257818 1
7ae19de7bc2a,335811 1 336515 1 337219 1 338628 1 342152 1 342857 1 344973 1 345678 1 346383 1 347087 1 347792 1 348496 1 349201 1 349905 1 350609 1 351313 1 352722 1 352730 2 353426 1 353433 6 353444 2 354130 1 354136 2 354139 12 354834 1 354845 10 355538 1 355550 9 356242 1 356256 7 356946 1 356961 7 357650 1 357666 6 358354 1 358371 6 359058 1 359075 6 359762 1 359780 5 360466 2 360470 1 360485 4 361170 2 361174 1 361189 4 361874 2 361878 1 362578 2 362581 1 363282 4
7ae19de7bc2a,89046 6 89747 9 90449 12 91152 14 91857 13 92561 13 93266 13 93971 12 94675 12 95380 10 96085 9 96790 7 97495 6
7ae19de7bc2a,48328 3 49031 5 49733 8 50437 12 51140 13 51844 13 52547 13 53251 12 53955 12 54659 11 55363 10 56066 10 56770 8 57474 7 58178 6 58882 4
7ae19de7bc2a,301031 4 301734 5 302437 6 303141 6 303844 7 304548 6 305251 7 305955 7 306658 7 307362 7 308066 7 308769 7 309473 7 310176 8 310880 7 311584 7 312287 8 312991 7 313694 8 314398 8 315102 7 315805 8 316509 7 317212 8 317916 8 318619 8 319323 8 320026 9 320730 8 321433 9 322136 10 322840 10 323543 10 324247 10 324950 11 325654 11 326357 11 327061 11 327764 12 328468 12 329172 12 329875 12 330579 12 331282 13 331986 13 332690 12 333394 12 334097 13 334801 12 335505 12 336209 11 336913 11 337617 11 338321 10 339025 9 339730 8 340438 1
7ae19de7bc2a,315333 5 316036 8 316739 10 317443 10 318147 9 318850 10 319554 10 320258 9 320961 10 321665 10 322368 11 323071 11 323775 11 324478 12 325181 13 325884 14 326586 16 327288 18 327989 21 328689 25 329388 30 330086 37 330782 45 331486 45 332192 43 332897 43 333605 39 334312 36 335020 32 335728 14 335745 11
7ae19de7bc2a,312060 10 312761 16 313464 19 314167 21 314871 22 315574 22 316278 22 316982 21 317686 20 318390 19 319094 18 319798 17 320503 14 321209 11 321915 8 322620 5
7ae19de7bc2a,335742 3 336433 29 337139 29 337846 28 338552 27 339258 26 339964 26 340670 26 341376 25 342082 25 342789 23 343495 23 344201 23 344907 22 345613 21 346320 20 347026 20 347733 18 348439 17 349145 16 349852 13 350558 8 351266 3
7ae19de7bc2a,73211 1 73213 2 73910 9 74613 10 75316 11 76019 12 76722 13 77425 13 78128 13 78831 14 79535 13 80238 13 80941 14 81644 14 82348 13 83051 13 83755 12 84458 12 85162 12 85865 12 86569 11 87272 11 87975 11 88679 10 89382 10 90085 10 90789 9 91492 9 92196 7 92900 6 93605 4
7ae19de7bc2a,297528 3 298232 5 298936 6 299629 1 299639 7 300334 1 300342 8 301039 15 301745 14 302451 12 303157 10 303862 9 304567 9 305272 8 305977 6
7ae19de7bc2a,88146 5 88846 11 89547 15 90250 17 90954 17 91658 17 92362 17 93066 16 93770 16 94474 15 95178 14 95883 12 96588 10 97294 7 97999 5
7ae19de7bc2a,209486 2 210190 3 210894 5 211598 6 212303 7 213008 9 213713 9 214418 10 215123 10 215829 10 216534 10 217239 11 217944 11 218649 12 219354 12 220059 12 220765 12 221470 12 222175 12 222880 13 223585 13 224290 14 224995 14 225700 15 226405 15 227110 16 227816 15 228521 12 228534 3 229226 10 229932 7 230638 5 230653 1 231343 4 231358 1 232049 2 232754 2 233459 2 234164 2 234870 1 235575 1 236986 1 237692 1
7ae19de7bc2a,177986 2 178690 3 179394 4 180099 3 180803 4 181507 5 182212 4 182916 5 183621 5 184325 5 185030 5 185735 5 186439 5 187144 5 187848 6 188553 6 189257 7 189962 7 190667 7 191371 8 192075 9 192780 9 193484 11 194189 11 194893 13 195598 14 196302 16 197007 16 197711 17 198415 18 199119 19 199823 20 200527 21 201231 22 201935 23 202639 24 203343 24 204047 24 204752 23 205456 23 206161 21 206865 21 207569 20 208274 19 208978 18 209682 17 210386 17 211091 15 211795 15 212500 13 213205 12 213909 11 214614 10 215318 10 216023 8 216728 7 217432 7 218137 6 218842 4
7ae19de7bc2a,198433 1 199138 1 199843 1 200548 2 201253 8 201262 1 201958 9 202663 7 203367 6 204071 5 204775 3 205479 2 206182 2 206886 1 207589 1 208273 1 208977 1 208996 1 209681 1 209699 1 210385 1 211090 1 212499 1 213204 1 214613 1 216031 1 218841 1 218846 1 219546 5 220250 5 220955 4 221659 4 222364 3 223069 2
7ae19de7bc2a,291806 1 292509 3 293213 3 293916 4 294620 2 294623 1 295324 1 296731 1 296736 1 297435 1 297440 1 298842 1 300953 1 300961 1 302360 1 304470 1 305174 1 305877 1 306581 1 307285 1 307299 1 307988 2 308692 2 309396 3 310100 3 310804 3 311508 3 312213 2 312917 3 313621 3 314325 3 315029 4 315043 1 315733 4 316438 3 317142 4 317846 4 318550 4 318562 1 319254 5 319961 2 320666 2 320673 1 321371 7 322077 4 322781 4 323486 3 324190 2
7ae19de7bc2a,315597 5 316300 7 317003 10 317706 12 318409 14 319113 15 319818 14 320523 14 321228 14 321932 14 322637 14 323341 14 324045 14 324749 14 325454 10 326158 9 326863 8 327568 1 327571 1 327573 2
7ae19de7bc2a,327712 1 328415 3 329119 3 329823 4 330527 4 331230 6 331934 6 332638 6 333342 7 334046 7 334749 8 335452 10 336156 2 336165 1 336859 1 336870 1 337574 1 338983 1 339687 1 340391 2 341096 1 341800 1 342505 1 343209 1 343913 2 344617 2 345321 3 346026 2 346716 1 346729 3 347423 4 347432 5 348129 12 348835 11 349541 9 350247 8 350952 7 351657 6 352361 7 353066 6 353771 5 354475 6 355180 5 355884 6 356589 6 357294 5 357998 5 358703 5 359407 6 360112 5 360817 4 361521 5 362226 4 362930 4 363635 3
7ae19de7bc2a,355455 4 355467 2 356159 5 356170 5 356863 6 356874 6 357568 5 357577 8 358273 5 358281 10 358978 19 359683 20 360388 27 361094 36 361799 43 362504 45 363210 45 363915 45 364622 44 365334 37
7ae19de7bc2a,218435 1 220563 1 221264 8 221971 8 222676 10 223382 9 224087 8 224791 10 225496 10 226200 14 226905 13 227609 16 228313 16 229018 14 229722 10 230429 5 231134 2
7ae19de7bc2a,105458 1 106161 3 106864 4 107568 4 108271 5 108975 5 109678 6 110382 5 111085 6 111789 6 112493 5 113196 6 113899 7 114603 7 115306 7 115995 2 116010 7 116699 2 116713 8 117403 3 117416 9 118107 4 118120 8 118811 1 118823 9 119527 9 120231 9 120936 7 121640 7 122344 7 123034 1 123048 7 123738 1 123752 6 124442 1 124456 6 125160 6 125850 1 125863 6 126567 6 127258 1 127271 6 127962 1 127970 2 127975 5 128666 1 128670 14 129370 18 130074 17 130778 17 131482 17 132186 17 132890 16 133593 17 134297 17 135002 15 135707 14 136412 12 137116 12 137820 11 138524 11 139229 9 139933 9 140637 8 141341 8 142045 7 142749 7 143453 6 144157 5 144861 4 145567 1
7ae19de7bc2a,132185 1 132889 1 134296 1 135000 2 135704 3 136407 5 137111 5 137815 5 138519 5 139223 6 139926 7 140630 7 140645 1 141334 7 142038 7 142742 7 143446 7 144150 7 144854 7 145557 10 145568 1 146261 11 146965 11 147669 10 148372 10 149076 9 149780 9 150483 9 151187 8 151891 7 152595 7 153298 7 154002 6 154705 7 155409 6 156112 7 156816 6 157513 2 157519 7 158216 4 158223 6 158920 5 158927 5 159624 6 159631 5 160328 11 161031 11 161735 10 162439 10 163141 12 163845 12 164548 13 165252 13 165955 14 166659 14 167364 12 168070 10 168775 8 169483 1 173003 1 173006 2 173706 2 173709 4 174413 4 175118 2
d8bfd1dafdc4,227119 3 227821 6 228525 7 229228 9 229932 10 230635 11 231338 13 232041 15 232744 17 233447 19 234150 20 234853 21 235555 23 236258 25 236961 25 237663 27 238365 28 239069 27 239771 28 240473 28 241176 28 241879 28 242582 27 243284 26 243987 26 244690 25 245393 24 246095 24 246799 22 247501 22 248204 21 248907 20 249611 19 250314 18 251018 16 251721 16 252425 15 253128 15 253831 14 254535 14 255239 13 255942 13 256646 13 257350 12 258054 12 258757 13 259461 13 260165 13 260869 13 261573 13 262277 13 262981 12 263685 12 264389 12 265093 12 265797 12 266501 11 267205 10 267909 9 268613 9 269317 9 270020 10 270724 9 271428 9 272132 9 272836 9 273540 8 274244 8 274947 9 275651 8 276355 8 277059 8 277763 7 278467 7 279171 7 279874 8 280578 7 281282 7 281986 7 282690 6 283394 6 284098 6 284802 6 285506 5 286209 6 286913 6 287617 6 288321 6 289025 5 289729 5 290433 5 291137 4 291841 4 292547 1
d8bfd1dafdc4,25839 1 26542 3 27246 4 27949 7 28653 8 29357 9 30061 9 30765 10 31469 10 32173 10 32877 10 33581 11 34285 11 34988 12 35692 12 36396 12 37100 12 37803 13 38507 13 39211 13 39914 14 40617 15 41214 1 41321 15 41918 2 42024 16 42622 1 42727 17 43431 17 44135 17 44838 18 45541 19 46148 1 46244 20 46851 2 46946 22 47555 3 47649 23 48259 3 48351 25 48963 3 49053 27 49666 5 49754 30 50370 5 50456 33 51075 4 51153 40 51779 5 51852 45 52483 6 52551 51 53187 8 53252 55 53892 8 53950 62 54596 9 54648 68 55300 9 55349 72 56005 9 56048 77 56710 9 56745 84 57414 11 57444 49 57498 11 57516 18 58118 14 58144 41 58204 8 58222 16 58822 57 58928 15 59527 49 59633 15 60231 45 60339 14 60935 39 61045 13 61638 33 61751 12 62342 30 62455 12 63046 26 63160 12 63750 21 63864 14 64453 19 64569 15 65157 17 65273 16 65860 17 65979 15 66564 16 66684 15 67267 16 67389 15 67971 16 68094 15 68675 15 68798 17 69378 16 69503 17 70082 15 70208 17 70786 14 70914 15 71489 14 71620 14 72193 14 72325 13 72897 13 73031 11 73600 14 73736 9 74304 14 74443 4 75007 15 75711 14 76414 15 77118 15 77822 15 78526 15 79230 14 79933 15 80637 15 81341 15 82045 15 82749 15 83453 15 84157 15 84860 16 85565 14 86269 14 86973 14 87678 13 88382 13 89087 13 89792 12 90497 11 91202 9 91907 6
d8bfd1dafdc4,19024 1 19728 2 20432 3 21135 6 21839 7 22543 8 23247 9 23951 9 24655 10 25359 11 26063 12 26768 11 27472 12 28177 11 28882 11 29586 11 30291 11 30996 11 31701 11 32405 12 33110 12 33815 12 34519 13 35223 15 35928 15 36633 15 37337 18 38042 18 38746 20 39451 21 40156 23 40860 28 40896 9 41564 48 42269 49 42973 50 43677 51 44382 51 45086 50 45790 49 46495 46 47199 40 47904 38 48609 34 49313 33 50018 31 50723 29 51429 26 52135 23 52840 21 53546 16 54251 12 54958 6
d8bfd1dafdc4,881 4 902 18 1580 65 2283 70 2987 72 3691 73 4396 74 5100 76 5804 77 6509 32 6558 29 7213 27 7271 23 7917 24 7979 21 8621 21 8686 20 9325 19 9396 18 10029 17 10102 18 10733 17 10812 13 11437 16 11518 11 12141 15 12224 10 12845 15 12934 3 13550 13 14254 12 14958 12 15662 11 16366 11 17070 11 17774 10 18478 10 19182 10 19886 9 20589 10 21293 9 21997 9 22701 9 23405 8 24109 8 24812 9 25516 9 26220 9 26924 8 27628 8 28331 9 29035 9 29738 9 30442 9 31146 8 31849 9 32553 9 33257 8 33961 8 34665 8 35369 8 36073 8 36777 7 37481 7 38185 7 38889 7 39592 8 40296 8 41000 8 41704 8 42408 8 43112 8 43816 8 44520 8 45224 7 45928 7 46632 7 47335 8 48039 8 48743 7 49447 7 50151 7 50855 7 51559 7 52262 8 52966 7 53670 7 54374 7 55079 6 55783 5 56488 4 57194 1
d8bfd1dafdc4,71798 3 72501 4 73205 4 73908 5 74612 5 75316 5 76019 6 76723 5 77427 5 78130 5 78834 5 79537 6 80241 6 80945 5 81648 6 82352 6 83056 5 83759 6 84463 6 85167 6 85871 5 86574 6 87278 6 87982 5 88685 6 89389 6 90093 5 90796 6 91500 6 92204 5 92908 5 93611 6 94315 6 95019 5 95723 5 96426 6 97130 6 97834 5 98538 5 99241 6 99945 5 100649 5 101353 5 102056 6 102760 5 103464 5 104167 6 104871 6 105575 6 106278 7 106982 7 107686 8 108389 9 109093 10 109796 11 110500 13 111203 15 111907 16 112610 21 113314 24 114017 27 114720 28 115424 27 116127 28 116830 28 117534 26 118237 23 118940 21 119643 20 120346 18 121048 17 121751 16 122454 15 123157 15 123860 13 124563 13 125267 12 125969 12 126672 12 127375 11 128078 12 128781 11 129484 11 130188 10 130892 9 131595 8 132299 6 133003 5 133707 3 134411 2
d8bfd1dafdc4,122852 6 123553 12 124242 31 124944 36 125648 39 126351 42 127055 44 127759 46 128463 48 129167 49 129871 50 130575 51 131279 52 131983 53 132688 53 133392 54 134096 55 134800 56 135505 56 136211 55 136916 54 137622 53 138328 52 139034 51 139739 50 140445 49 141150 49 141856 47 142561 47 143267 45 143972 45 144676 46 145381 46 146086 46 146791 46 147496 46 148201 46 148905 47 149610 47 150315 47 151020 11 151038 29 151725 6 151744 29 152430 3 152451 27 153157 25 153862 26 154567 26 155272 26 155977 26 156682 26 157387 26 158092 26 158797 26 159503 25 160208 25 160913 25 161619 24 162324 24 163030 22 163736 20 164442 19 165148 17 165854 14 166561 10
d8bfd1dafdc4,326284 3 326988 5 327692 5 328396 6 329100 7 329805 6 330509 6 331214 6 331918 6 332622 7 333327 6 334031 6 334736 5 334756 4 335440 6 335457 8 336144 7 336156 13 336849 24 337553 23 338257 22 338961 20 339665 15 340369 12 341072 10 341776 8 342479 8 343183 7 343886 7 344590 7 345293 7 345997 6 346700 7 347404 7 348107 7 348811 7 349514 7 350218 7 350921 7 351625 7 352328 7 353032 6 353735 7 354439 6 355143 6 355846 6 356550 6 357253 6 357957 6 358661 5 359364 6 360067 7 360771 6 361474 7 362178 7 362881 9 363584 11 364288 10 364992 8
d8bfd1dafdc4,1058 7 1760 13 2464 15 3169 17 3874 19 4579 20 5284 22 5988 26 6693 28 7397 30 8102 32 8806 36 9511 36 10216 38 10920 40 11625 42 12329 44 13034 44 13738 46 14442 47 15146 49 15850 51 16554 52 17259 4 17269 42 17975 41 18680 42 19388 39 20097 35 20803 35 21517 26 22227 22 22937 18 23645 15 24352 14 25058 15 25732 1 25763 15 26436 2 26470 15 27175 16 27881 17 28587 17 29293 18 29999 18 30706 19 31412 19 32118 22 32825 22 33531 26 34239 25 34948 22 35656 18 36365 12
d8bfd1dafdc4,339444 2 340147 5 340851 6 341556 6 342260 7 342965 8 343669 9 344374 10 345079 10 345783 11 346489 11 347194 11 347898 13 348603 14 349307 16 350012 18 350716 20 351421 22 352125 25 352830 26 353534 29 354240 28 354946 28 355651 29 356356 32 357060 38 357765 44 358470 47 359175 48 359880 48 360585 47 361290 46 361995 45 362701 43 363407 41 364113 39 364823 32
d8bfd1dafdc4,215516 3 216219 6 216922 9 217625 11 218328 13 219031 15 219735 14 220438 15 221140 16 221843 16 222546 16 223249 16 223951 16 224653 16 225330 6 225354 18 226029 16 226056 18 226733 44 227437 44 228140 44 228844 44 229548 44 230252 44 230956 44 231660 44 232364 43 233068 42 233772 41 234476 39 235180 38 235884 36 236588 35 237292 34 237996 33 238700 31 239404 29 240108 26 240812 24 241516 22 242220 21 242924 19 243628 19 244332 18 245036 17 245741 16 246445 15 247150 14 247855 13 248560 12 249265 11 249970 10 250675 8 251382 5
d8bfd1dafdc4,267153 4 267856 15 268560 15 269264 15 269969 13 270673 12 271377 12 272080 12 272784 10 273488 10 274191 9 274894 8 275597 8 276299 9 277002 9 277705 9 278408 9 279111 9 279814 9 280517 8 281220 8 281923 8 282626 8 283329 8 284032 8 284734 9 285437 9 286140 9 286843 10 287544 12 288247 12 288950 13 289653 13 290356 14 291059 14 291762 14 292464 16 293166 17 293868 18 294570 19 295270 21 295972 21 296675 19 297378 18 298081 17 298784 14 299487 10 300193 1
d8bfd1dafdc4,85613 2 86312 7 87014 9 87714 12 88416 12 89116 15 89818 16 90520 15 91221 16 91924 15 92624 17 93325 18 94026 19 94724 22 95425 23 96123 25 96819 30 97520 31 98221 28 98924 23 99627 20 100328 18 101031 17 101734 14 102436 12 103138 12 103841 12 104544 12 105248 10 105950 9 106652 9 107355 8 108058 8 108762 7 109464 8 110166 9 110869 8 111573 7 112276 7 112978 7 113680 7 114383 6 115086 7 115789 7 116491 9 117194 9 117897 9 118599 10 119301 11 120003 12 120704 14 121403 18 122101 23 122804 23 123508 22 124211 22 124915 20 125618 19 126322 16 127025 8 127727 10 128430 10 129134 7 129838 5 130542 4 131246 4 131950 3 132654 3
d8bfd1dafdc4,172705 1 173408 3 174111 4 174815 5 175519 5 176222 7 176926 7 177630 7 178334 7 179038 7 179742 7 180446 7 181150 7 181854 8 182557 9 183261 9 183965 9 184669 10 185373 10 186077 10 186781 11 187484 12 188188 12 188892 12 189596 13 190299 14 191003 15 191707 15 192411 15 193114 17 193818 17 194522 18 195226 18 195930 19 196634 19 197337 21 198041 21 198744 23 199448 23 200151 25 200855 25 201558 26 202262 27 202966 28 203670 28 204374 29 205077 31 205781 32 206485 33 207188 35 207891 36 208595 37 209298 38 210002 38 210705 39 211408 38 212112 33 212815 33 213519 20 213545 6 214223 15 214926 14 215630 11 216334 8 217039 4
d8bfd1dafdc4,345182 4 345880 11 346583 15 347286 19 347989 22 348692 24 349396 24 350100 25 350803 26 351507 27 352211 27 352915 27 353618 28 354322 7 354333 18 355025 7 355043 12 355729 6 355749 10 356433 5 356454 10 357137 5 357160 9 357840 5 357865 9 358544 5 358570 8 359249 3 359276 7 359953 3 359980 8 360685 8 361390 7 362095 7 362800 6 363505 5 364210 5 364914 6 365619 5
d8bfd1dafdc4,117314 5 118018 7 118723 9 119428 10 120133 10 120840 10 121545 11 122250 11 122955 11 123663 10 124368 11 125074 11 125781 11 126486 12 127192 12 127898 14 128605 14 129311 16 130017 16 130723 18 131430 20 132137 23 132844 26 133551 28 134259 31 134967 32 135676 36 136386 37 137097 36 137809 31 138519 34 139231 35 139944 41 140657 39 141369 34 142076 32 142788 24 143497 20 144206 16 144915 11 145620 9 146326 5
d8bfd1dafdc4,120 6 823 9 1527 10 2231 10 2935 11 3639 11 4343 12 5048 11 5752 11 6456 12 7160 13 7864 13 8568 14 9272 15 9976 15 10680 16 11385 15 12089 16 12793 17 13497 17 14201 18 14905 18 15610 18 16314 18 17018 18 17722 19 18426 19 19130 19 19834 19 20538 20 21242 20 21946 20 22650 20 23354 21 24058 21 24762 21 25467 20 26171 20 26875 21 27579 21 28283 21 28987 21 29692 21 30396 21 31100 22 31804 22 32508 22 33212 23 33917 22 34622 22 35327 21 36031 21 36735 21 37440 20 38145 19 38849 19 39554 18 40259 16 40963 16 41668 15 42373 13 43078 11 43783 10 44488 8 45193 6 45899 3
d8bfd1dafdc4,196791 13 197492 17 198194 19 198895 22 199597 23 200299 25 201001 26 201703 27 202405 28 203107 30 203810 30 204512 31 205213 33 205915 34 206617 35 207318 38 208019 40 208721 42 209424 42 210126 43 210829 44 211531 45 212234 45 212935 48 213637 49 214339 50 215042 50 215745 49 216446 51 217149 51 217852 49 218554 48 219256 47 219958 47 220661 45 221364 44 222067 44 222772 42 223476 40 224180 38 224884 36 225588 35 226291 35 226989 2 226995 33 227693 38 228397 37 229102 34 229807 32 230510 32 231211 34 231907 41 232610 41 233314 40 234018 39 234722 38 235426 37 236129 37 236832 37 237531 41 238234 42 238937 42 239641 41 240345 41 241049 40 241753 40 242457 39 243161 38 243865 37 244569 37 245273 36 245977 36 246681 35 247384 33 248086 23 248117 3 248788 24 249489 27 250192 28 250895 28 251598 29 252301 30 253003 32 253706 34 254409 35 255113 35 255817 35 256521 34 257225 34 257930 33 258634 32 259339 31 260043 31 260748 29 261453 26 262157 25 262862 23 263567 21 264271 20 264976 18 265680 17 266386 13 267092 8
d8bfd1dafdc4,350265 1 350968 4 351671 5 352375 5 353078 5 353782 4 354485 5 355188 5 355891 5 356594 6 357296 7 357995 12 358687 23 359385 29 360085 34 360784 39 361485 43 362186 46 362890 16 362931 6 363595 9 363636 6 364298 6 364342 4 365000 2 365047 3
d8bfd1dafdc4,163245 3 163947 6 164650 7 165353 9 166056 10 166759 12 167463 12 168166 13 168869 15 169572 16 170275 17 170979 18 171683 17 172386 18 173090 17 173793 17 174496 18 175199 18 175902 19 176605 19 177308 20 178011 20 178713 20 179417 17 180120 15 180823 13 181526 13 182228 14 182932 13 183635 13 184338 13 185042 12 185745 12 186448 12 187151 12 187854 11 188557 11 189260 11 189963 11 190666 11 191369 11 192072 11 192775 11 193479 11 194182 11 194885 11 195588 11 196291 11 196994 11 197697 11 198400 12 199103 12 199806 12 200509 12 201212 12 201916 11 202619 12 203321 13 204024 13 204727 14 204799 1 205431 13 205503 1 206134 12 206836 13 207539 14 208242 14 208946 13 209649 13 210352 13 210435 2 211054 14 211137 4 211757 14 211840 5 212461 14 212544 5 213164 13 213249 4 213867 13 213953 4 214569 14 214658 3 215272 14 215362 3 215975 14 216066 3 216679 14 216770 4 217381 14 217473 5 218084 15 218177 5 218786 16 218880 6 219489 16 219584 6 220193 15 220289 5 220895 16 220993 5 221598 15 221697 5 222301 15 222401 5 223004 15 223106 4 223707 16 223809 5 224410 15 224513 5 225112 16 225217 5 225815 16 225921 6 226517 17 226624 7 227220 17 227328 7 227923 16 228033 6 228626 15 228737 6 229329 15 229441 6 230033 13 230145 6 230736 14 230849 6 231439 14 231553 6 232142 14 232257 6 232845 14 232961 6 233548 14 233666 5 234251 14 234370 6 234955 13 235074 6 235659 11 235778 6 236363 10 236482 6 237068 7 237186 6 237772 6 237890 6 238477 3 238594 7 239298 7 240002 7 240706 8 241410 8 242114 8 242818 8 243522 8 244226 8 244931 7 245635 7 246339 8 247043 8 247746 9 248450 9 249154 9 249859 8 250563 8 251267 8 251971 8 252675 8 253380 6
d8bfd1dafdc4,228489 5 229192 6 229896 7 230599 8 231303 8 232006 9 232710 9 233413 10 234117 9 234820 10 235524 10 236227 11 236931 11 237635 10 238338 11 239042 11 239745 11 240449 11 241152 12 241856 12 242559 12 243262 13 243966 12 244669 12 245372 13 246076 12 246779 12 247482 13 248185 13 248888 14 249591 14 250294 15 250998 15 251701 16 252404 16 253107 17 253810 18 254513 19 255216 19 255919 20 256622 21 257325 21 258028 22 258732 21 259435 22 260139 21 260842 21 261546 20 262250 20 262953 20 263657 19 264361 19 265064 19 265768 18 266471 19 267175 18 267879 18 268582 18 269286 17 269989 17 270693 17 271396 16 272099 16 272803 16 273507 15 274210 15 274914 14 275617 15 276321 14 277025 13 277728 13 278432 12 279135 12 279839 11 280542 12 281246 11 281949 11 282652 11 283355 11 284059 11 284763 10 285466 10 286169 10 286873 10 287577 9 288280 10 288984 9 289687 10 290391 9 291094 9 291798 8 292502 8 293205 8 293908 8 294612 8 295316 7 296019 7 296723 6 297427 6 298131 5 298835 5 299539 3 300244 2
d8bfd1dafdc4,152942 1 153639 12 154341 14 155044 14 155746 16 156449 16 157152 17 157855 17 158559 16 159262 16 159965 16 160669 15 161373 14 162077 13 162780 13 163481 15 164184 15 164887 16 165591 15 166295 14 166998 14 167701 14 168404 15 169107 16 169810 18 170513 19 171217 20 171920 21 172624 22 173328 23 174031 15 174049 6 174735 14 174754 6 175438 13 175459 6 176142 12 176164 6 176846 11 176869 6 177549 12 177573 7 178252 12 178278 6 178956 11 178983 6 179659 11 179688 6 180362 11 180392 8 181066 10 181097 7 181769 10 181802 7 182473 10 182506 7 183176 10 183211 6 183879 10 183916 6 184583 9 184621 5 185286 9 185326 4 185990 8 186030 4 186693 9 186736 1 187396 9 188100 9 188803 9 189507 8 190210 9 190914 8 191618 8 192322 8 193027 6 193732 4
d8bfd1dafdc4,680 6 1383 7 2086 7 2788 8 3490 10 4192 11 4894 12 5597 13 6300 13 7004 13 7709 12 8414 11 9119 10 9823 10 10528 9 11232 9 11937 8 12642 7 13347 6 14052 5 14757 4 15462 3 16167 1
d8bfd1dafdc4,150153 2 150856 4 151558 7 152262 7 152965 9 153669 9 154373 9 155077 9 155782 8 156486 8 157190 8 157895 8 158599 8 159303 8 160008 7 160712 7 161416 8 162120 8 162825 7 163529 7 164233 7 164937 8 165641 8 166345 8 167049 8 167753 9 168457 9 169161 10 169864 11 170568 12 171272 13 171976 15 172680 16 173383 18 174087 20 174791 20 175495 18 176198 17 176902 14 177606 13 178309 12 179013 12 179716 12 180420 11 181123 11 181827 10 182530 10 183234 10 183937 10 184641 10 185344 10 186048 10 186752 10 187456 9 188160 9 188864 9 189568 9 190272 8 190976 8 191680 7 192384 7 193088 7 193791 7 194495 7 195199 7 195903 7 196607 6 197311 6 198015 6 198718 7 199422 7 200126 6 200830 6 201534 6 202238 5 202941 6 203645 6 204349 5 205053 4 205758 3 206462 2 207166 1
d8bfd1dafdc4,705 6 1409 7 2113 8 2817 8 3521 8 4226 7 4930 7 5634 7 6338 8 7043 7 7747 8 8453 6 9158 5 9863 4 10562 1 10567 5 11266 2 11272 4 11969 3 11976 4 12673 3 12680 5 13377 3 13384 6 14081 3 14089 5 14785 3 14793 5 15489 3 15497 6 16193 4 16202 5 16897 5 16906 5 17601 5 17611 5 18305 6 18315 5 19009 7 19020 4 19713 7 19725 3 20417 7 20430 1 21121 7 21134 1 21825 7 22529 8 23233 8 23937 8 24641 9 25345 9 26049 9 26753 10 27457 10 28161 11 28866 10 29570 10 30274 11 30979 11 31683 12 32387 12 33091 12 33796 12 34501 11 35208 9 35913 8 36618 7 37323 7 38028 6 38732 5 39438 3
d8bfd1dafdc4,56921 3 57624 8 58327 10 59031 11 59735 12 60439 12 61143 12 61847 13 62550 14 63254 14 63958 15 64661 16 65364 17 66067 18 66769 21 67469 25 68170 29 68872 31 69575 32 70279 33 70982 34 71685 35 72388 36 73091 37 73795 37 74499 37 75202 37 75906 37 76610 36 77313 37 78017 36 78720 36 79423 36 80126 36 80830 36 81534 34 82237 35 82941 34 83644 34 84348 33 85052 32 85756 31 86460 31 87163 31 87867 30 88571 29 89275 28 89979 27 90683 27 91387 26 92091 24 92795 24 93499 23 94203 23 94907 22 95611 22 96314 23 97018 22 97722 22 98426 21 99131 20 99835 20 100539 19 101243 19 101947 18 102652 17 103356 16 104061 14 104765 14 105470 12 106174 11 106879 9 107583 8 108288 6 108993 5 109698 2
d8bfd1dafdc4,279643 23 280341 34 281041 41 281740 49 282443 52 283148 54 283849 60 284553 62 285258 62 285959 67 286660 71 287360 77 288063 80 288766 83 289469 84 290172 86 290875 87 291578 88 292282 88 292985 89 293688 89 294392 89 295096 87 295800 86 296505 84 297210 83 297916 80 298622 78 299328 75 300034 73 300740 71 301445 69 302151 66 302858 8 302895 25 303605 16 304311 12 305017 8 305726 2
d8bfd1dafdc4,272294 2 272998 2 273702 2 274406 2 275110 1 278630 1 279334 2 280038 2 280742 2 305876 2 306578 6 307281 9 307985 11 308688 15 309392 18 310096 21 310800 23 311506 22 312213 21 312929 13 313637 15 314341 19 315047 18 315754 16 316460 15 317166 16 317872 18 318577 18 319284 16 319991 13 320702 8 321408 14 322113 15 322821 11 323528 8 324234 7 324940 12 325646 13 326353 11 327060 7 327767 2 328478 6 329181 9 329885 10 330591 8 331297 6 332002 12 332710 10 333414 12 334120 11 334827 8 334939 12 335533 6 335640 16 336243 8 336338 23 336947 11 337034 31 337652 13 337733 37 338358 14 338435 39 339065 13 339137 41 339772 12 339838 44 340477 14 340539 47 341182 16 341240 50 341888 15 341941 53 342594 15 342642 56 343302 14 343340 43 343391 11 344009 16 344037 43 344098 8 344714 66 344804 5 345419 61 345509 4 346126 54 346215 1 346833 47 347539 41 348244 35 348948 31 349653 27 350358 23 351062 22 351767 19 351857 1 352471 18 352561 2 353176 17 353265 2 353881 15 353969 2 354586 13 354673 2 355293 9 356001 5
d8bfd1dafdc4,47475 1 48176 8 48880 10 49584 11 50288 12 50992 13 51696 14 52400 14 53104 15 53808 15 54512 15 55216 15 55920 15 56624 15 57328 14 58031 14 58735 13 59439 12 60143 11 60847 10 61551 9 62254 10 62958 9 63662 8 64365 8 65069 8 65772 8 66476 8 67179 8 67883 7 68586 8 69290 7 69993 8 70697 7 71400 7 72103 8 72807 8 73510 8 74214 8 74917 8 75620 8 76323 9 77027 8 77730 9 78433 9 79136 10 79839 10 80543 10 81246 11 81950 11 82654 10 83357 11 84061 10 84764 11 85468 10 86172 10 86876 10 87579 10 88283 10 88987 9 89691 9 90395 9 91099 9 91803 8 92507 8 93210 8 93914 8 94618 8 95322 7 96025 8 96729 8 97433 7 98137 7 98841 6 99545 6 100248 7 100952 7 101656 7 102360 7 103063 8 103766 9 104469 10 105173 10 105877 10 106580 11 107284 11 107987 11 108691 11 109394 12 110097 13 110800 14 111504 14 112208 14 112911 15 113614 16 114317 17 115020 17 115723 18 116425 20 117129 20 117832 20 118535 21 119239 20 119942 20 120645 20 121346 22 122048 24 122752 11 122768 1 122774 1 123456 9 124161 3
d8bfd1dafdc4,321885 3 322589 4 323293 6 323998 7 324702 9 325407 9 326112 9 326817 9 327522 10 328227 10 328932 10 329637 10 330342 10 331046 11 331751 11 332456 11 333160 11 333865 11 334570 11 335276 10 335981 9 335998 2 336687 19 337392 19 338097 19 338801 20 339506 19 340211 18 340915 18 341619 18 342324 17 343028 17 343732 17 344437 15 345141 15 345845 15 346549 14 347253 14 347958 13 348662 12 349366 12 350070 12 350774 11 351478 11 352182 11 352886 10 353591 9 354295 9 354999 8 355703 8 356407 8 357112 7 357816 6 358520 6 359224 6 359928 6 360633 4 361337 4
d8bfd1dafdc4,108340 1 109043 3 109746 5 110450 5 111154 5 111858 5 112561 5 113265 5 113969 5 114673 4 115377 4 116080 5 116784 5 117488 4 118191 5 118895 5 119599 5 120303 5 121007 5 121711 4 122414 5 123118 5 123822 5 124526 5 125229 5 125933 5 126637 5 127340 6 128044 6 128748 6 129451 7 130155 7 130858 9 131560 12 132259 19 132290 6 132959 41 133663 41 134367 40 135071 39 135775 37 136480 35 137185 33 137889 33 138594 31 139299 30 140004 29 140709 27 141414 26 142120 9 142137 7 142825 7 142842 6 143531 4 143547 5 144252 4 144958 2
d8bfd1dafdc4,203809 1 204510 2 205212 1 205913 2 206614 3 207316 2 208018 1 208720 1 209423 1 210124 2 210827 2 211529 2 212232 2 212934 1 213635 2 214338 1 215040 2 215742 3 215794 1 216443 3 216497 1 217144 5 217846 6 218549 5 219251 5 219953 5 220655 6 221358 6 222060 7 222762 10 223464 10 224166 10 224868 10 225570 11 226273 10 226976 10 227679 10 228381 11 229083 12 229784 15 230484 18 231187 18 231889 18 232591 19 233293 19 233996 19 234699 20 235402 19 236105 18 236807 18 237511 16 238214 15 238919 8
d8bfd1dafdc4,13492 4 14196 4 14900 4 15603 6 16306 7 17009 9 17713 9 18416 10 19119 11 19823 11 20526 12 21230 12 21933 13 22637 13 23340 14 24044 14 24747 15 25450 17 26154 17 26857 18 27560 19 28264 19 28967 20 29670 22 30374 22 31077 23 31781 23 32484 24 33188 24 33892 24 34595 25 35299 25 36003 25 36707 25 37410 26 38114 26 38818 26 39522 26 40225 27 40929 26 41633 26 42336 27 43040 27 43743 28 44446 29 45149 31 45852 32 46555 33 47258 34 47961 36 48664 37 49368 37 50071 38 50774 40 51477 41 52181 41 52884 42 53588 42 54292 42 54997 8 55008 31 55715 28 56420 27 57125 26 57831 23 58537 11 58554 4 59245 4
d8bfd1dafdc4,128117 5 128819 7 129521 7 130223 8 130925 9 131628 9 132330 10 133033 10 133735 11 134438 10 135140 10 135843 10 136545 10 137247 11 137950 11 138652 11 139354 12 140057 11 140759 11 141461 12 142164 11 142867 9 143570 8 144273 8 144975 8 145678 8 146381 8 147081 11 147783 11 148486 11 149188 12 149890 13 150592 14 151294 15 151996 17 152699 17 153402 17 154105 18 154808 19 155512 18 156215 19 156918 20 157622 20 158326 21 159029 22 159733 22 160437 22 161140 24 161844 24 162548 25 163252 25 163956 26 164660 26 165364 27 166068 27 166773 27 167478 27 168184 27 168890 26 169595 26 170301 25 171007 24 171712 24 172417 25 173124 23 173836 16 174544 13 175250 12 175956 12 176662 11 177368 11 178073 11 178779 10 179485 9 180190 9 180896 8 181601 8 182306 6
d8bfd1dafdc4,62094 2 62798 2 63502 2 64206 2 64910 3 65614 3 66318 3 67022 4 67726 4 68430 4 69134 5 69839 4 70543 4 71247 5 71951 5 72655 6 73359 6 74063 7 74767 7 75471 7 76175 8 76879 8 77583 8 78287 8 78990 10 79694 10 80398 10 81102 10 81806 11 82510 11 83214 11 83918 11 84622 11 85326 11 86030 12 86734 12 87438 12 88142 13 88846 13 89551 12 90255 12 90959 13 91663 14 92368 13 93072 14 93776 14 94480 15 95184 16 95888 16 96592 17 97296 17 98000 18 98703 20 99407 20 100111 21 100815 21 101519 22 102223 23 102927 23 103631 25 104335 26 105040 26 105745 26 106450 26 107155 25 107860 25 108566 24 109272 23 109977 23 110683 22 111389 21 112095 20 112800 20 113506 20 114212 20 114917 20 115622 20 116328 19 117033 19 117738 19 118443 19 119149 18 119854 18 120559 17 121264 15 121969 14 122675 10
d8bfd1dafdc4,157171 3 157875 4 158578 6 159282 6 159986 6 160690 6 161394 6 162098 6 162802 6 163506 6 164210 6 164914 6 165618 6 166322 6 167026 6 167730 6 168434 6 169138 6 169842 6 170546 6 171250 7 171954 7 172658 7 173361 8 174065 8 174769 8 175473 8 176178 7 176882 7 177586 8 178290 8 178994 8 179698 9 180402 9 181106 10 181810 10 182515 10 183219 11 183923 11 184627 12 185331 12 186035 13 186739 13 187443 13 188147 13 188851 13 189555 13 190259 13 190963 13 191667 13 192372 12 193076 12 193780 11 194484 11 195188 11 195892 11 196597 10 197301 10 198005 10 198709 9 199413 9 200118 8 200822 8 201526 8 202230 8 202934 7 203638 7 204343 6 205047 6 205751 7 206456 6 207160 6 207864 6 208568 5 209273 4 209977 4 210681 4 211385 4 212090 3 212794 2
d48ec7815252,269590 1 270292 6 270995 7 271699 7 272402 8 273106 8 273809 9 274512 9 275215 8 275919 7 276622 7 277325 7 278028 7 278731 7 279434 7 280102 1 280137 7 280805 3 280840 7 281509 4 281543 7 282214 5 282246 7 282919 5 282949 8 283624 5 283652 8 284330 5 284355 9 285035 5 285058 10 285741 4 285760 12 286446 5 286462 14 287151 6 287164 16 287856 27 288561 26 289267 24 289972 22 290677 21 291381 21 292085 21 292789 20 293493 20 294196 21 294900 21 295603 21 296306 22 297008 24 297711 24 298414 25 299117 26 299820 28 300522 30 301225 8 301235 21 301929 6 301939 22 302632 6 302643 22 303336 4 303347 23 304041 2 304051 23 304755 9 304765 14 305459 7 305471 13 306162 7 306176 12 306866 7 306886 7 307570 6 307590 7 308274 5 308295 5 308977 6 309000 3 309681 5 310385 5 311089 4 311794 2
d48ec7815252,198044 4 198747 7 199449 11 200151 15 200853 18 201554 23 202256 26 202956 31 203657 34 204358 38 205062 39 205766 40 206470 40 207174 41 207878 41 208582 41 209286 40 209990 38 210693 36 211397 29 212100 26 212802 24 213505 22 214208 21 214911 21 215614 20 216318 18 217022 16 217726 15 218432 11
d48ec7815252,64173 5 64876 7 65579 9 66282 10 66986 11 67689 12 68393 12 69096 12 69800 12 70503 12 71207 11 71910 12 72614 11 73317 12 74020 12 74723 13 75427 13 76130 14 76833 15 77536 16 78239 17 78942 17 79645 18 80348 19 81052 19 81755 20 82458 21 83162 21 83865 22 84568 23 85272 22 85975 23 86678 24 87382 24 88085 25 88789 25 89492 26 90195 27 90898 28 91601 29 92305 30 93009 30 93712 31 94416 32 95119 33 95823 34 96527 34 97230 36 97934 37 98638 37 99342 37 100045 39 100749 39 101453 38 102156 39 102860 38 103563 37 104267 36 104971 35 105674 35 106378 34 107082 33 107787 31 108492 29 109197 27 109902 25 110606 24 111310 24 112015 22 112719 22 113423 21 114127 21 114831 20 115535 20 116240 18 116945 17 117649 17 118354 15 119060 13 119765 11 120470 9 121176 5
d48ec7815252,8780 1 9483 2 10187 2 10890 3 11593 4 12297 4 13000 5 13704 4 14407 5 15111 4 15814 5 16517 6 17221 5 17924 6 18628 5 19331 6 20035 6 20738 6 21441 7 22144 7 22848 7 23552 6 24255 7 24959 7 25662 7 26366 7 27070 7 27773 7 28477 7 29181 6 29885 6 30589 5 31292 6 31996 6 32700 6 33403 6 34107 6 34811 6 35514 7 36218 6 36921 7 37625 7 38329 6 39032 7 39735 7 40439 7 41143 7 41847 6 42550 7 43254 7 43957 7 44661 7 45364 8 46067 8 46770 9 47472 11 48174 12 48877 13 49581 12 50284 12 50987 12 51689 13 52391 13 53094 13 53797 12 54500 12 55203 12 55906 11 56607 13 57309 13 58012 13 58714 13 59416 13 60119 13 60822 12 61525 11 62228 11 62932 9 63637 5
d48ec7815252,81529 1 82232 4 82934 7 83637 9 84339 12 85042 15 85745 17 86448 19 87152 20 87857 21 88562 22 89273 19 89979 20 90684 24 91390 26 92095 27 92800 27 93505 27 94210 26 94915 24 95619 24 96324 22 97029 20 97733 19 98438 17 99142 17 99847 15 100551 14 101256 12 101961 9 102665 7 103371 2
d48ec7815252,58398 4 59100 7 59803 8 60506 10 61210 10 61914 11 62617 12 63321 13 64025 14 64729 14 65433 15 66137 15 66841 16 67545 17 68249 17 68953 18 69657 19 70361 20 71065 20 71769 21 72473 22 73177 23 73881 24 74585 25 75289 26 75993 27 76697 27 77402 27 78106 28 78810 28 79514 28 80218 25 80922 24 81626 23 82330 21 83034 20 83738 19 84443 17 85147 16 85851 15 86555 14 87259 13 87963 13 88667 12 89371 11 90075 10 90779 10 91483 9 92187 9 92892 7 93596 7 94301 5 95005 5 95710 3
d48ec7815252,6689 5 7392 6 8096 6 8799 8 9503 8 10206 9 10910 9 11613 10 12317 10 13020 11 13724 10 14428 10 15131 11 15835 11 16539 11 17242 12 17946 11 18650 11 19354 11 20058 11 20761 12 21465 11 22169 11 22872 12 23576 12 24279 13 24983 13 25686 14 26390 14 27093 14 27796 15 28500 15 29203 16 29906 17 30609 18 31312 19 32016 19 32719 20 33422 21 34125 22 34828 22 35531 23 36234 23 36937 23 37640 24 38344 23 39047 23 39751 22 40454 22 41158 22 41861 22 42565 21 43269 20 43973 19 44677 18 45381 17 46086 15 46790 14 47494 13 48199 11 48903 11 49607 10 50311 9 51016 7 51720 7 52424 6 53129 4 53833 4 54537 3 55242 1
d48ec7815252,169070 5 169772 10 170474 13 171178 14 171882 15 172586 16 173290 17 173994 18 174700 17 175405 17 176110 18 176816 18 177521 19 178225 21 178930 23 179635 24 180339 26 181044 28 181748 30 182452 30 183157 30 183861 30 184565 31 185270 31 185974 32 186678 33 187382 34 188086 35 188790 36 189495 37 190200 4 190213 25 190921 22 191628 21 192336 20 193043 19 193751 18 194459 16 195167 15 195873 16 196580 16 197287 15 197994 16 198699 17 199405 17 200112 17 200819 16 201527 14 202238 8 202944 5
d48ec7815252,150328 7 151030 11 151733 16 152436 21 153139 23 153842 25 154545 27 155248 30 155949 36 156629 7 156650 40 157333 10 157349 45 158037 60 158741 60 159445 58 160151 56 160857 53 161563 50 162270 46 162976 44 163682 41 164390 36 165097 33 165804 29 166511 26 167216 24 167922 22 168628 20 169333 19 170037 18 170742 17 171446 17 172151 15 172856 14 173560 14 174264 14 174969 13 175673 13 176377 13 177082 12 177786 12 178491 11 179195 11 179899 11 180603 11 181308 10 182012 10 182716 10 183421 9 184125 9 184830 8 185534 8 186239 7 186943 8 187648 7 188352 7 189056 8 189761 7 190465 7 191170 6 191874 7 192579 6 193283 6 193987 7 194692 6 195396 6 196101 6 196805 6 197510 5 198214 5 198919 4 199623 4 200329 1
d48ec7815252,208242 4 208945 6 209649 7 210352 8 211055 9 211759 9 212463 9 213167 9 213872 8 214576 8 215280 8 215983 10 216687 12 217389 17 218092 25 218795 30 219497 32 220200 32 220903 32 221607 31 222310 31 223013 29 223716 30 224420 28 225124 26 225828 24 226532 23 227237 2 227246 11 227951 9 228655 8 229359 7 230063 7 230767 6 231471 6 232175 6 232879 6 233583 6 234287 6 234991 6 235695 5 236400 4
d48ec7815252,315286 3 315990 4 316694 4 317398 5 318102 5 318807 5 319511 5 320215 5 320919 5 321623 6 322328 5 323032 6 323736 6 324440 6 325145 6 325849 7 326553 8 327258 9 327962 16 328667 17 329371 17 330076 17 330781 18 331486 18 332191 19 332898 17 333604 16 334309 16 335015 14 335719 15 336409 3 336424 14 337114 2 337128 15 337820 2 337833 15 338526 1 338537 15 339230 2 339241 16 339945 17 340649 17 341351 20 342053 23 342757 24 343463 24 344168 25 344874 8 344887 12 345579 4 345593 12 346299 12 347005 11 347711 11 348416 12 349121 13 349825 14 350530 13 351235 12 351941 11 352646 9 353352 7 354057 5
d48ec7815252,220451 16 221150 25 221852 31 222555 38 223258 46 223961 52 224664 54 225367 57 226070 59 226773 62 227477 62 228180 64 228883 65 229586 67 230289 68 230993 69 231697 69 232400 70 233104 71 233809 70 234515 69 235220 69 235926 67 236632 66 237338 65 238044 63 238750 62 239456 61 240162 60 240868 59 241573 59 242279 57 242984 56 243690 54 244395 52 245100 51 245805 49 246510 46 247215 44 247921 41 248626 39 249331 37 250036 35 250741 33 251447 29 252152 26 252857 21 253562 18 254267 14 254973 11 255679 5
d48ec7815252,161168 1 161870 4 162572 6 163275 7 163979 7 164682 8 165385 8 166088 8 166792 7 167496 7 168199 7 168903 6 169606 6 170309 6 171012 6 171715 7 172419 6 173122 7 173825 6 174528 7 175232 6 175935 6 176639 5 177342 5 178045 6 178748 6 179451 6 180154 6 180857 6 181560 7 182264 6 182967 7 183671 6 184374 6 185078 5 185780 6 186483 5 187187 5 187890 5 188593 6 189296 7 190000 6 190703 6 191407 4 192110 5 192813 5 193516 5 194220 4 194923 5 195626 5 196329 6 197032 6 197735 7 198439 7 199142 7 199845 7 200548 7 201252 6 201955 6 202657 7 203360 7 204063 8 204767 8 205470 8 206173 9 206876 10 207578 11 208281 12 208983 13 209686 14 210389 15 211092 16 211795 17 212498 18 213200 21 213903 23 214605 35 215308 37 216011 22 216040 8 216714 20 217416 19 218119 19 218825 15 219529 13 220232 12 220935 12 221638 12 222341 11 223042 13 223746 13 224448 14 225150 13 225852 13 226555 12
d48ec7815252,48895 5 49597 9 50300 11 51003 13 51707 13 52411 13 53114 15 53818 15 54522 15 55227 15 55931 16 56635 16 57339 16 58043 16 58747 16 59451 16 60155 16 60859 16 61563 16 62267 16 62971 16 63675 16 64379 16 65083 16 65787 16 66491 16 67194 17 67898 17 68602 17 69306 18 70009 19 70713 19 71416 20 72120 20 72824 20 73527 21 74231 21 74935 22 75638 23 76342 23 77046 24 77749 25 78453 26 79157 27 79860 29 80563 31 81267 33 81970 36 82673 40 83376 44 84079 45 84782 47 85485 48 86187 49 86888 50 87591 50 88293 49 88996 48 89698 48 90401 47 91103 46 91806 46 92510 44 93213 43 93917 26 93947 11 94621 22 94654 6 95326 16 95360 2 96033 8
d48ec7815252,278967 3 279672 3 280376 4 281080 4 281784 5 282488 5 283192 6 283896 7 284601 6 285305 7 286010 7 286714 7 287418 7 288123 7 288827 7 289531 8 290235 8 290940 8 291644 9 292348 9 293053 9 293757 10 294461 11 295166 10 295870 11 296574 12 297278 12 297982 13 298687 13 299391 14 300095 15 300799 15 301504 15 302208 16 302913 16 303617 16 304322 16 305027 16 305732 15 306436 16 307141 15 307846 15 308551 14 309256 13 309961 13 310666 12 311370 12 312075 12 312780 11 313484 11 314189 10 314894 10 315598 10 316303 9 317007 10 317712 9 318417 8 319121 9 319826 8 320531 8 321235 8 321940 8 322644 8 323349 8 324053 8 324758 8 325462 8 326167 8 326871 9 327576 8 328281 7 328985 8 329690 7 330394 8 331099 7 331803 8 332508 8 333212 8 333917 7 334622 7 335326 7 336031 5
d48ec7815252,136402 20 137107 21 137812 21 138517 21 139221 21 139926 20 140630 21 141334 21 142037 23 142742 23 143447 23 144153 22 144858 22 145563 22 146267 23 146972 23 147676 24 148380 24 149084 25 149789 24 150493 25 151198 24 151902 25 152607 24 153311 25 154016 24 154721 24 155425 25 156129 25 156833 26 157538 25 158242 25 158947 24 159651 22 160355 21 161060 20 161765 18 162469 18 163174 17 163879 16 164584 14 165288 14 165993 13 166698 12 167403 11 168108 10 168812 10 169517 8 170221 7 170926 4 171631 2
d48ec7815252,251476 6 252178 9 252881 11 253584 12 254288 13 254992 14 255696 14 256400 15 257104 15 257808 16 258512 16 259216 17 259921 16 260625 16 261329 17 262033 18 262738 17 263442 18 264147 18 264852 17 265556 18 266261 18 266965 19 267670 18 268374 19 269079 19 269784 18 270489 18 271193 19 271898 18 272603 18 273308 17 274013 17 274718 17 275422 17 276127 16 276832 16 277537 16 278241 17 278946 16 279651 16 280356 15 281061 15 281766 15 282471 14 283176 14 283880 14 284585 13 285290 13 285995 12 286699 13 287404 12 288108 13 288813 12 289518 11 290223 11 290928 10 291632 10 292337 9 293041 10 293746 10 294450 10 295154 10 295858 11 296563 10 297267 10 297971 11 298676 10 299381 9 300085 9 300790 7 301494 7 302198 7 302903 5
d48ec7815252,258495 5 259198 7 259902 8 260606 8 261310 8 262014 9 262718 9 263422 9 264126 9 264830 9 265534 9 266238 9 266942 9 267646 9 268350 9 269054 9 269758 9 270462 9 271166 9 271870 9 272575 8 273279 8 273983 8 274687 8 275391 8 276095 8 276799 8 277503 8 278207 8 278911 8 279615 8 280319 8 281023 8 281727 8 282431 8 283135 8 283839 8 284543 8 285247 8 285951 8 286656 7 287360 7 288064 7 288768 7 289472 7 290176 7 290880 7 291584 7 292288 7 292992 8 293696 8 294400 8 295104 8 295808 8 296512 8 297216 8 297920 8 298624 8 299328 9 300032 9 300736 9 301440 9 302144 10 302848 10 303552 10 304256 10 304960 11 305664 11 306367 12 307071 13 307775 13 308479 14 309183 15 309886 17 310590 18 311294 19 311997 21 312701 21 313404 22 314108 22 314811 23 315515 23 316218 23 316920 24 317621 26 318324 27 319028 26 319730 28 320433 28 321135 30 321839 29 322542 30 323246 30 323950 30 324653 30 325357 30 326061 30 326765 30 327469 30 328173 30 328878 29 329582 29 330286 29 330990 29 331694 29 332398 29 333103 28 333807 27 334512 26 335217 25 335923 22 336628 21 337333 19 338038 17 338743 15 339448 13 340154 9 340859 6
d48ec7815252,56559 1 57261 5 57963 9 58658 1 58664 13 59357 25 60058 29 60760 30 61460 32 62161 34 62863 34 63566 33 64269 32 64973 31 65677 31 66381 30 67085 30 67789 30 68494 29 69198 29 69903 28 70608 27 71313 26 72017 26 72722 24 73426 24 74131 22 74835 20 75539 18 76243 15 76947 11 77651 7 78356 3
d48ec7815252,115216 4 115920 7 116623 10 117328 10 118033 9 118739 7 119444 7 120149 6 120853 6 121557 6 122262 5 122966 5 123670 5 124374 5 125078 5 125782 6 126486 5 127189 6 127893 6 128597 6 129300 7 130004 7 130708 7 131411 9 132115 9 132819 9 133522 10 134225 11 134929 11 135633 12 136336 13 137040 13 137744 13 138448 13 139151 14 139854 15 140558 15 141261 16 141964 17 142668 17 143371 19 144074 20 144778 20 145481 21 146185 21 146888 22 147591 23 148293 25 148995 27 149696 30 150399 31 151100 34 151798 39 152473 10 152494 47 153175 70 153876 73 154578 75 155281 76 155985 76 156690 75 157394 75 158097 76 158801 76 159503 39 159547 34 160207 20 160231 8 160257 28 160910 17 160964 25 161613 12 161671 22 162318 4 162378 18 163084 15 163789 14 164495 12 165200 10 165905 8 166611 5
d48ec7815252,195288 6 195991 8 196695 9 197399 9 198103 10 198807 11 199512 10 200217 9 200922 9 201626 9 202331 9 203035 10 203740 9 204444 10 205149 10 205854 10 206558 11 207263 11 207967 13 208671 14 209375 15 210080 15 210784 17 211488 18 212192 20 212897 20 213601 21 214305 23 215009 25 215713 27 216417 29 217122 30 217826 33 218530 35 219234 37 219938 40 220643 41 221348 43 222052 45 222756 47 223460 49 224164 53 224868 1 224877 48 225597 36 226306 40 227014 42 227721 44 228428 24 229135 17 229842 14 230549 11 231256 9 231962 8 232670 5 233378 1
d48ec7815252,107587 6 108289 9 108992 10 109695 11 110399 11 111102 12 111806 12 112509 13 113213 13 113916 14 114619 16 115322 17 116026 17 116729 18 117432 18 118135 17 118839 15 119542 15 120246 14 120950 13 121654 11 122357 12 123061 11 123764 11 124467 11 125170 12 125873 12 126576 12 127279 13 127982 13 128684 14 129387 14 130090 14 130792 12 131494 12 132197 12 132899 14 133583 33 134285 35 134989 35 135693 35 136398 4 136422 9 137128 7 137833 5 138538 1
d48ec7815252,228375 1 229069 11 229770 14 230472 12 231173 13 231875 14 232578 13 233279 14 233982 13 234683 15 235385 15 236086 16 236787 18 237489 18 238191 18 238892 20 239592 22 240293 24 240992 28 241653 15 241674 50 242347 80 243049 82 243752 82 244456 81 245160 80 245864 79 246569 77 247276 73 247987 64 248697 57 249406 51 250116 43 250827 35 251534 30 252241 26 252947 23 253653 20 254359 17 255065 13 255772 9
d48ec7815252,312669 1 313372 3 314076 3 314779 4 315483 5 316187 5 316892 5 317596 5 318300 5 319004 6 319708 6 320412 6 321117 6 321821 6 322526 5 323230 6 323934 6 324638 7 325342 7 326046 8 326750 9 327454 9 328157 11 328861 11 329565 12 330269 13 330973 14 331677 15 332381 15 333085 16 333789 17 334494 17 335198 18 335901 20 336605 21 337309 22 338013 23 338716 25 339420 26 340123 27 340827 28 341530 30 342234 31 342937 33 343640 35 344343 37 345046 39 345749 41 346452 43 347156 44 347860 45 348565 2 348570 40 349276 40 349981 40 350686 40 351389 43 352093 44 352797 45 353500 48 354204 49 354907 51 355610 53 356314 54 357017 55 357721 55 358425 5 358435 1 358440 40 359151 33 359857 31 360564 28 361269 26 361974 25 362680 23 363386 20 364093 15
d48ec7815252,144339 2 145042 4 145744 7 146446 10 147150 10 147854 11 148558 12 149262 12 149966 12 150670 13 151374 13 152078 14 152783 13 153487 13 154191 14 154896 13 155600 13 156304 14 157008 15 157712 15 158416 16 159121 15 159824 16 160528 17 161232 17 161936 18 162640 18 163344 18 164048 19 164753 18 165457 18 166161 18 166865 19 167569 19 168274 18 168978 19 169683 18 170388 18 171093 17 171797 18 172502 17 173206 18 173911 17 174615 18 175319 18 176024 18 176728 18 177433 17 178138 17 178843 16 179548 15 180253 15 180958 14 181663 13 182368 13 183073 12 183777 12 184482 11 185186 12 185890 12 186595 11 187299 12 188004 11 188708 11 189413 11 190118 10 190822 11 191527 10 192232 9 192936 10 193641 9 194346 8 195050 8 195754 9 196459 8 197163 8 197868 8 198572 8 199277 8 199981 8 200685 8 201390 8 202094 8 202798 9 203503 8 204207 9 204912 8 205616 9 206321 8 207025 8 207730 8 208434 8 209138 9 209843 9 210547 9 211252 9 211957 8 212661 9 213366 8 214070 9 214775 8 215479 8 216184 8 216888 8 217593 8 218298 7 219002 8 219707 7 220411 8 221116 7 221820 8 222525 7 223229 8 223934 7 224639 7 225343 7 226048 6 226752 7 227457 6 228162 5 228867 3
d48ec7815252,263673 4 264375 8 265078 11 265781 13 266485 13 267188 15 267891 16 268595 17 269299 17 270002 18 270706 18 271410 18 272114 18 272818 18 273523 16 274228 15 274933 13 275638 11 276345 7 277052 3
d48ec7815252,643 4 1345 7 2049 7 2753 7 3457 7 4161 7 4865 7 5569 7 6273 7 6977 6 7681 6 8385 6 9089 6 9793 6 10497 6 11201 6 11905 6 12609 6 13313 6 14017 6 14721 7 15425 7 16129 7 16833 7 17537 7 18241 8 18945 8 19649 8 20353 9 21057 9 21761 10 22465 11 23169 11 23873 12 24577 12 25281 12 25985 13 26689 13 27393 13 28097 13 28802 13 29507 12 30212 12 30919 10 31624 10 32328 11 33033 11 33737 12 34441 13 35145 14 35849 15 36553 17 37257 19 37964 1 37966 16 38673 14 39379 12 40084 11 40795 4
d48ec7815252,85120 2 85823 3 86526 5 87227 12 87930 15 88632 18 89334 21 90036 24 90733 33 91436 35 92135 41 92839 42 93538 47 94240 38 94942 27 94971 3 95645 25 96348 23 97052 21 97754 22 98455 20 99159 14 99862 13 100565 13 101268 11 101971 8 102676 3
d48ec7815252,105932 12 106071 4 106637 20 106750 10 106769 11 107342 81 107451 33 108048 140 108756 135 109467 127 110184 109 110911 83 111635 60 112346 50 113053 45 113760 40 114467 34 115172 28 115881 4
d48ec7815252,123907 3 124611 6 125315 9 125325 4 126019 16 126723 17 127427 17 128131 18 128835 18 129539 18 130243 18 130947 18 131651 18 132355 19 133059 19 133763 19 134467 19 135171 19 135875 19 136579 19 137283 20 137987 20 138691 20 139395 20 140099 21 140803 21 141507 21 142212 20 142916 20 143620 21 144325 14 144341 4 145029 13 145046 3 145734 10 145751 3 146438 8 146456 2 147142 8 147160 2 147847 7 147865 2 148551 1 148553 5 148570 1 149258 4 149274 1 149962 4 149978 2 150667 3 150683 1 151372 2 151387 1 152076 2 152092 1 152781 2 152796 1 153485 2 153500 1 154189 2 154205 1 154894 2 154909 1 155598 2 155613 2 156302 2 156318 1 157006 2 157023 1 157710 2 157727 1 158414 2 159119 2 159136 1 159823 1 159840 1 160527 1 160545 1 161231 1 161249 1 161935 1 161954 1 162639 1 162658 1 163343 1 163362 1 164047 1 164067 1 164751 2 164771 1 165455 2 165475 1 166159 2 166179 1 166862 3 166884 1 167566 3 167588 1 168270 4 168292 1 168973 5 169680 3 169701 1
d48ec7815252,360257 8 360959 11 361662 19 362365 31 363069 40 363773 52 364478 60 365183 61 365910 38
d48ec7815252,60610 3 61311 8 62014 11 62717 13 63420 15 64123 17 64826 20 65529 21 66232 23 66935 25 67638 26 68341 27 69044 29 69748 29 70451 31 71153 33 71855 36 72555 40 73221 1 73254 46 73924 11 73947 58 74628 82 75333 8 75344 71 76037 8 76047 73 76741 83 77444 16 77467 61 78148 16 78172 61 78852 19 78875 61 79556 84 80260 84 80964 84 81668 83 82372 83 83077 81 83781 80 84485 79 85190 77 85894 30 85933 38 86599 28 86637 37 87303 28 87337 3 87341 17 87367 11 88007 47 88072 9 88712 43 89416 36 90120 32 90824 31 91528 17 91547 10 92232 12 92252 8 92937 10 93642 6
d48ec7815252,40123 1 40126 1 40814 7 40822 10 41517 19 42221 19 42926 18 43629 15 43646 2 44329 2 44332 16 44350 2 45033 2 45036 16 45054 2 45737 19 45758 2 46440 20 46462 2 47144 20 47166 2 47845 1 47848 24 48548 28 49250 31 49954 31 50657 32 51362 31 52066 31 52770 31 53475 30 54179 30 54882 31 55586 31 56290 30 56993 31 57697 31 58402 7 58410 22 59107 6 59115 21 59811 6 59819 21 60516 5 60523 21 61220 4 61230 18 61925 3 61934 18 62629 3 62639 17 63334 2 63344 16 64050 14 64743 1 64754 14 65458 14 66159 17 66861 19 67565 19 68269 19 68973 19 69677 19 70381 16 71086 14 71791 13 72496 12 73201 10
d48ec7815252,154794 19 155478 40 156174 48 156874 52 157571 57 158267 64 158971 61 159673 61 160376 58 161080 55 161783 53 162487 51 163191 49 163895 46 164598 43 165302 35 166006 30 166710 26 167414 20 168118 16
